acc_x, acc_y, angular_z, stamp, 
-0.013286113739013672, 0.0053095221519470215, 8.932036643979697e-10, 1791402842384304650, 
-0.027458488941192627, 0.03569233417510986, 8.582494592503656e-10, 1791402842416709881, 
-0.011092662811279297, 0.015023529529571533, 1.30580350031574e-09, 1791402842503260910, 
0.020778238773345947, 0.007222294807434082, 1.0202807325257888e-09, 1791402842593275131, 
0.011449575424194336, 0.021476566791534424, 7.387802530410456e-10, 1791402842624301863, 
0.00032252073287963867, -0.005551815032958984, 4.2276029641075133e-10, 1791402842656326126, 
-0.012717843055725098, -0.007436096668243408, 1.93925227049468e-10, 1791402842683101736, 
0.006075620651245117, 0.0052651166915893555, -1.9801464087613984e-06, 1791402842793130647, 
-0.019178926944732666, 0.016059517860412598, -5.699998921502002e-10, 1791402842823217931, 
0.013146042823791504, -0.0035880208015441895, 1.9990741499288337e-06, 1791402842853026519, 
-0.00659710168838501, -0.010567665100097656, -1.9669309327450563e-06, 1791402842883336526, 
0.0005512833595275879, 0.011235237121582031, -3.51079309924625e-10, 1791402842913051395, 
0.014919579029083252, 0.023872196674346924, -2.9598164954802304e-10, 1791402842944602846, 
-0.013728141784667969, -0.019162356853485107, -3.0990474060143135e-10, 1791402842974582431, 
-0.02125716209411621, -0.0063893795013427734, -2.514929629105254e-10, 1791402843062188286, 
0.0021764039993286133, -0.03136777877807617, -1.9909809530177173e-10, 1791402843092408643, 
-0.005118906497955322, -0.0006500482559204102, -1.4442203146183465e-10, 1791402843122363522, 
0.003944277763366699, -0.007645249366760254, -1.948655678035805e-06, 1791402843152952428, 
0.02185434103012085, 0.0068285465240478516, -5.093124392443989e-11, 1791402843184900165, 
0.012601137161254883, 0.0015108585357666016, -5.5319088906678776e-11, 1791402843212240290, 
0.005214810371398926, -0.016149461269378662, -1.1671360042757757e-12, 1791402843241993344, 
-0.032653748989105225, 0.0002910494804382324, 8.832134851992768e-11, 1791402843272103128, 
0.024683892726898193, 0.009408831596374512, 1.552507987840024e-10, 1791402843301861441, 
0.012193441390991211, 0.005976438522338867, 2.0085725821838703e-10, 1791402843331846752, 
0.017384648323059082, -0.0065413713455200195, 2.46598969372208e-10, 1791402843361734249, 
-0.02221149206161499, -0.009915471076965332, 2.677614856829921e-10, 1791402843392577103, 
-0.00593876838684082, 0.006457388401031494, 3.212557775053081e-10, 1791402843424327871, 
0.004842400550842285, 0.010229766368865967, 3.787262039918095e-10, 1791402843451761788, 
-0.013179481029510498, 0.013977885246276855, 3.8576186393917463e-10, 1791402843481646568, 
0.008405447006225586, -0.025471091270446777, 4.219505134587857e-10, 1791402843511565833, 
-0.00777745246887207, -0.005552768707275391, -1.998158625674206e-06, 1791402843541389583, 
-0.004116237163543701, -0.0036295652389526367, 4.264671760913555e-10, 1791402843571524352, 
-0.01133817434310913, 0.014366686344146729, 3.908373874349286e-10, 1791402843601264091, 
-0.016735196113586426, 0.0016964077949523926, 3.264471611604335e-10, 1791402843632886175, 
0.00483471155166626, -0.005545854568481445, 2.8072163519719446e-10, 1791402843664190889, 
0.0012305378913879395, -0.03786051273345947, 2.92003190221881e-10, 1791402843691146522, 
-0.002383708953857422, 0.012511789798736572, 2.385636613428565e-10, 1791402843721010687, 
0.0012865662574768066, -0.0017662644386291504, 1.54015813018688e-10, 1791402843744498798, 
-0.0025124549865722656, 0.0001404285430908203, 4.514056112694272e-10, 1791402843780957686, 
-0.004535794258117676, -0.012389838695526123, 3.474657585000946e-10, 1791402843810852895, 
-0.00988757610321045, 0.021753907203674316, 3.755109839294746e-10, 1791402843840904213, 
0.004414260387420654, 0.0019944310188293457, 3.486435357967715e-10, 1791402843872371210, 
-0.004537522792816162, 0.01090329885482788, 3.2973051677371974e-10, 1791402843901920468, 
-0.019034922122955322, 0.0017388463020324707, 2.908026428795051e-10, 1791402843930738616, 
-0.0012243390083312988, -0.02352219820022583, 2.360641674212658e-10, 1791402843960547416, 
0.014615416526794434, -0.00558847188949585, 1.365664448410377e-10, 1791402843983216669, 
-0.02336519956588745, -0.005675673484802246, 2.4392622035340544e-10, 1791402844010508174, 
-0.012465059757232666, 0.013914704322814941, -1.9705207801257255e-06, 1791402844040753640, 
-0.005168914794921875, 0.001148819923400879, -4.007272187124879e-06, 1791402844070501212, 
0.007583200931549072, -0.004263937473297119, 6.495457669673748e-11, 1791402844100458747, 
-0.003085792064666748, -0.0006870627403259277, 2.4549003541971905e-11, 1791402844130266949, 
0.013306617736816406, 0.0010658502578735352, 1.8405533330730106e-11, 1791402844161431000, 
-0.013299942016601562, 0.0062920451164245605, -2.7801062230772605e-12, 1791402844192782935, 
-0.014946579933166504, -0.0008963346481323242, -0.000407373966095389, 1791402844220143849, 
-0.5116971135139465, 0.1882944107055664, 0.016466162819617464, 1791402844250072408, 
-0.213467538356781, 0.8372158408164978, 0.24506841538742555, 1791402844279985178, 
0.13639980554580688, 0.02924400568008423, 0.4823866779900367, 1791402844310050464, 
-0.10830271244049072, -0.19514751434326172, 0.41068847876315323, 1791402844339908848, 
0.13574504852294922, -0.20243287086486816, 0.4079276137088548, 1791402844369942840, 
-0.12037903070449829, 0.21366536617279053, 0.38946254667699076, 1791402844401074651, 
0.07071179151535034, 0.023205995559692383, 0.3938928613645651, 1791402844432435281, 
-0.12204968929290771, -0.16431915760040283, 0.45761346286402876, 1791402844459754306, 
-0.041022539138793945, 0.011470615863800049, 0.4247628181826512, 1791402844489649650, 
0.0011388063430786133, 0.1641155481338501, 0.4125570820831527, 1791402844519578365, 
0.033819615840911865, 0.04289931058883667, 0.398579535367802, 1791402844549546607, 
-0.020112812519073486, -0.12685668468475342, 0.393548072392135, 1791402844579451461, 
-0.16466748714447021, 0.031192660331726074, 0.38795796516537717, 1791402844609417731, 
0.1717866063117981, -0.01630091667175293, 0.389125486200357, 1791402844640580905, 
-0.06701016426086426, -0.0009821653366088867, 0.38107655293228654, 1791402844672644465, 
0.1718565821647644, -0.11195367574691772, 0.4864009491980418, 1791402844709193769, 
0.012823104858398438, 0.009393930435180664, 0.4384871776877507, 1791402844739362549, 
0.017947852611541748, -0.11521059274673462, 0.41819281018473603, 1791402844769282585, 
-0.14170074462890625, -0.03676539659500122, 0.3667311240184467, 1791402844800550891, 
0.209506094455719, -0.009215354919433594, 0.3507143477325982, 1791402844831624739, 
-0.05091434717178345, 0.03713589906692505, 0.4164801963557899, 1791402844858977633, 
-0.03413575887680054, -0.12416261434555054, 0.387651532365461, 1791402844888863189, 
-0.07828009128570557, 0.04049104452133179, 0.3332725193365264, 1791402844911928164, 
-0.17677068710327148, 0.16799813508987427, 0.45826026068612297, 1791402844938860416, 
0.457919716835022, -0.18136972188949585, 0.4198860030358942, 1791402844968899121, 
-0.20075011253356934, -0.18708622455596924, 0.40696148169913465, 1791402844999003977, 
0.2291020154953003, 0.08682489395141602, 0.3920139319127008, 1791402845028661729, 
-0.1246379017829895, 0.14763444662094116, 0.3609601576245989, 1791402845058705582, 
-0.11899983882904053, -0.12368226051330566, 0.3972149009193057, 1791402845087984161, 
0.16352558135986328, -0.02824467420578003, 0.3589775706544896, 1791402845120739022, 
-0.04741048812866211, 0.15480577945709229, 0.43933507495658985, 1791402845148492271, 
-0.22087442874908447, 0.02597266435623169, 0.41207692757833286, 1791402845178405333, 
0.007905662059783936, -0.0010336637496948242, 0.40673858934738377, 1791402845208463270, 
0.5047372579574585, -0.2713189721107483, 0.41127970222243615, 1791402845238279135, 
-0.24449032545089722, 0.05472993850708008, 0.3763511720873327, 1791402845268196674, 
-0.0902058482170105, 0.22729384899139404, 0.36789557544235185, 1791402845298137698, 
0.18126094341278076, -0.05799359083175659, 0.3863785373944144, 1791402845328528473, 
0.015627145767211914, -0.029606223106384277, 0.3884387770315951, 1791402845360971467, 
-0.11995804309844971, 0.11068564653396606, 0.45130804828071264, 1791402845388005748, 
-0.06470847129821777, 0.00037604570388793945, 0.40641302738969204, 1791402845418003083, 
0.140478253364563, -0.15094512701034546, 0.4154815991131134, 1791402845447914360, 
0.02519392967224121, 0.0444256067276001, 0.406220282760514, 1791402845476809314, 
-0.028432726860046387, -0.021247148513793945, 0.39569223032908907, 1791402845506806704, 
0.023135066032409668, -0.0470241904258728, 0.3742125144497311, 1791402845537747697, 
-0.00849926471710205, 0.11094009876251221, 0.38191221019654165, 1791402845568494230, 
0.027731120586395264, 0.04526907205581665, 0.3744685578775489, 1791402845600649868, 
0.03697013854980469, -0.06700187921524048, 0.4492928425694248, 1791402845627940326, 
0.008683860301971436, 0.01670527458190918, 0.423661680587984, 1791402845656833172, 
-0.15195631980895996, 0.05272001028060913, 0.39506768231440414, 1791402845687443782, 
-0.019217073917388916, -0.07573992013931274, 0.4103528633069792, 1791402845717429822, 
-0.015561699867248535, -0.006110131740570068, 0.40174730780850954, 1791402845747358926, 
0.018940269947052002, -0.138960599899292, 0.39563459610432955, 1791402845777628413, 
-0.06043952703475952, 0.08900350332260132, 0.34885987538603647, 1791402845809083066, 
0.07914537191390991, 0.004640340805053711, 0.3753376056021875, 1791402845839800131, 
-0.022395312786102295, 0.07733941078186035, 0.41920768246810897, 1791402845867178098, 
-0.055482327938079834, -0.02135688066482544, 0.37052087928593, 1791402845897109526, 
-0.0015522241592407227, 0.0918961763381958, 0.34177463945853026, 1791402845918795721, 
-0.16384851932525635, 0.025790154933929443, 0.4098054146458908, 1791402845957108671, 
0.0375056266784668, -0.056870222091674805, 0.40617675952481586, 1791402845986959687, 
-0.0005246400833129883, 0.12443041801452637, 0.3976114745604512, 1791402846017107017, 
-0.10668933391571045, -0.0805124044418335, 0.42386623759454006, 1791402846047690404, 
0.0866747498512268, -0.017551183700561523, 0.41594227320168864, 1791402846078180172, 
-0.05247896909713745, -0.028309941291809082, 0.4259919604619284, 1791402846106730107, 
0.08574163913726807, 0.11517441272735596, 0.3810452405136045, 1791402846146653199, 
-0.12291699647903442, -0.07791584730148315, 0.3841265572090838, 1791402846177028979, 
0.0035535097122192383, 0.09223794937133789, 0.36838544502901743, 1791402846209321150, 
0.002546250820159912, -0.0072440505027771, 0.4708843477347619, 1791402846236659511, 
-0.037241578102111816, 0.022296130657196045, 0.4290746235820578, 1791402846266437823, 
0.04636043310165405, -0.05802023410797119, 0.433405396510532, 1791402846296421655, 
0.08829313516616821, 0.0044310688972473145, 0.4151741482369716, 1791402846326341733, 
0.0029326677322387695, -0.08525145053863525, 0.4089972063501332, 1791402846356285657, 
-0.0003306865692138672, -0.11736500263214111, 0.40267695435464446, 1791402846386295381, 
0.03698307275772095, -0.02210754156112671, 0.3756363429660649, 1791402846416632577, 
0.06720775365829468, 0.10338449478149414, 0.34828079787530736, 1791402846448916599, 
0.15166395902633667, 0.1180543303489685, 0.4457147592392566, 1791402846476213209, 
-0.00715559720993042, -0.04114425182342529, 0.44121299756371035, 1791402846506302937, 
-0.0603870153427124, -0.1355639100074768, 0.37019621463526015, 1791402846528849755, 
-0.08180183172225952, -0.07385706901550293, 0.4370913253961829, 1791402846556083365, 
0.10278314352035522, 0.020077884197235107, 0.37784395077508237, 1791402846586144627, 
-0.02921062707901001, -0.0008656978607177734, 0.3837308209864685, 1791402846615944512, 
-0.006878495216369629, 0.07588821649551392, 0.39161787522952324, 1791402846646024977, 
0.006386816501617432, -0.011240184307098389, 0.4287182541589788, 1791402846674913875, 
-0.07475060224533081, 0.07326459884643555, 0.40022762143405843, 1791402846705699955, 
0.20860767364501953, -0.05097651481628418, 0.40151691654751104, 1791402846737035336, 
0.05663704872131348, -0.14841467142105103, 0.4126241654541647, 1791402846769172274, 
0.1331459879875183, 0.06120842695236206, 0.418224057063127, 1791402846795637623, 
0.07760173082351685, -0.0637330412864685, 0.3443237920638482, 1791402846825423191, 
-0.1572851538658142, 0.04438364505767822, 0.38344834446273324, 1791402846855408031, 
-0.008771419525146484, 0.19320625066757202, 0.4275865590952097, 1791402846885309594, 
0.12488532066345215, -0.02680569887161255, 0.4287170216284641, 1791402846915280072, 
0.018297672271728516, -0.20164483785629272, 0.42237317126528795, 1791402846945218738, 
-0.22483915090560913, -0.09825378656387329, 0.39041217135857875, 1791402846976669153, 
0.13316506147384644, -0.043140947818756104, 0.36598788099921675, 1791402847008607081, 
0.006804704666137695, 0.14092111587524414, 0.414298638003979, 1791402847035144253, 
0.04659539461135864, -0.011153757572174072, 0.3930109012879685, 1791402847065209737, 
0.20460087060928345, 0.022441208362579346, 0.40799783317295246, 1791402847094940090, 
-0.17812764644622803, 0.015349864959716797, 0.43111597628101767, 1791402847123875236, 
-0.0005908608436584473, -0.05587351322174072, 0.3920363262233809, 1791402847155072889, 
-0.07863610982894897, -0.16508138179779053, 0.39896459364332854, 1791402847185157782, 
0.06652313470840454, 0.06033670902252197, 0.3608797993337689, 1791402847217210698, 
-0.03253364562988281, 0.11846232414245605, 0.4337130647103429, 1791402847244946590, 
-0.16007846593856812, 0.014396131038665771, 0.42689861476255203, 1791402847274616431, 
0.03175961971282959, -0.068728506565094, 0.431387682120014, 1791402847305005847, 
0.06907051801681519, -0.043129026889801025, 0.4517979031482159, 1791402847334517300, 
0.023297131061553955, -0.09625476598739624, 0.42695333525361456, 1791402847364619498, 
0.15226829051971436, -0.01081913709640503, 0.3820705865171872, 1791402847394396207, 
0.06885230541229248, -0.03769141435623169, 0.36890849074769233, 1791402847424607414, 
0.07520580291748047, 0.051100969314575195, 0.3460103417713276, 1791402847456666331, 
-0.17340707778930664, 0.0462302565574646, 0.41806330196166774, 1791402847484583310, 
0.015144765377044678, 0.05417090654373169, 0.41568482307820953, 1791402847514178253, 
-0.0788886547088623, -0.16187834739685059, 0.41659495739382235, 1791402847544092609, 
0.09492850303649902, -0.09073126316070557, 0.3947688341636304, 1791402847574118847, 
-0.05872553586959839, -0.013692677021026611, 0.39791528920271313, 1791402847604164057, 
-0.027800917625427246, -0.015510618686676025, 0.39006180548755964, 1791402847633934985, 
0.14468276500701904, -0.3265566825866699, 0.3157626224627987, 1791402847665047472, 
0.11694008111953735, -0.48801368474960327, 0.09975232576019544, 1791402847696648996, 
-0.24044394493103027, -0.08635497093200684, -0.09745369837058052, 1791402847723944879, 
-0.022102952003479004, 0.274840772151947, -0.07742199814790751, 1791402847752833815, 
0.10611093044281006, 0.12250620126724243, -0.04162622393099402, 1791402847783722421, 
0.14170008897781372, -0.1475440263748169, -0.025708375592559753, 1791402847813698582, 
-0.08483171463012695, -0.08709114789962769, -0.004122274942918296, 1791402847843594225, 
0.012487709522247314, 0.0684201717376709, 0.008998635690304409, 1791402847873549948, 
0.042283594608306885, -0.008177638053894043, -0.0015579031012780183, 1791402847904682627, 
-0.045623838901519775, -0.025707125663757324, -0.005519803858597313, 1791402847936572814, 
0.6764453649520874, 0.28198570013046265, 0.025159434367955993, 1791402847963559811, 
0.11295133829116821, 0.8139121532440186, 0.17434028575581964, 1791402847985020280, 
0.24763160943984985, 0.21102118492126465, 0.41839730013010473, 1791402848016679059, 
-0.18905878067016602, -0.3583579659461975, 0.579234566215933, 1791402848043569773, 
0.08664911985397339, -0.3335031270980835, 0.48538241296339407, 1791402848073445387, 
0.04512566328048706, 0.17033714056015015, 0.40931014678576844, 1791402848103297547, 
-0.2474573850631714, -0.00016313791275024414, 0.33155239830339334, 1791402848133460242, 
-0.08608996868133545, 0.1028214693069458, 0.3098955558726918, 1791402848163298986, 
0.031020641326904297, -0.26314133405685425, 0.3771140523564469, 1791402848193567857, 
-0.3184244632720947, 0.3548009991645813, 0.3643603273964601, 1791402848224633436, 
0.03541064262390137, -0.15744322538375854, 0.4152379567822804, 1791402848255597700, 
0.5543680787086487, -0.11463719606399536, 0.4572584776161488, 1791402848283237371, 
-0.013213872909545898, -0.09316641092300415, 0.3932784743291601, 1791402848305329284, 
-0.14577645063400269, 0.20652633905410767, 0.42706848153462884, 1791402848334870491, 
-0.11531150341033936, -0.03966641426086426, 0.41545838650192735, 1791402848363326586, 
0.11726123094558716, -0.24157601594924927, 0.38210338767294827, 1791402848393210593, 
0.139881432056427, -0.12122809886932373, 0.38657544815025174, 1791402848423158611, 
0.09605085849761963, 0.19992554187774658, 0.3696123484549671, 1791402848453320410, 
-0.08872348070144653, -0.03269314765930176, 0.4063478227496491, 1791402848482453622, 
0.11071324348449707, 0.10927945375442505, 0.3908507881709779, 1791402848512696823, 
0.29706650972366333, -0.24300616979599, 0.3984552917164014, 1791402848544642086, 
0.05307501554489136, 0.06176722049713135, 0.40759117568938436, 1791402848582264190, 
0.07152700424194336, -0.059250473976135254, 0.39855891246728864, 1791402848612232375, 
-0.011739790439605713, -0.05781275033950806, 0.41973497841879487, 1791402848642205243, 
0.018410682678222656, 0.06237459182739258, 0.4146440474640315, 1791402848672726711, 
-0.13500869274139404, -0.031186819076538086, 0.368346202412335, 1791402848704620359, 
-0.09155571460723877, -0.1369268298149109, 0.4225150657824642, 1791402848732060971, 
-0.06563049554824829, -0.06614768505096436, 0.40190856492382265, 1791402848761872400, 
0.2916698455810547, -0.025813639163970947, 0.3470856012830505, 1791402848784650930, 
0.03358197212219238, -0.05817604064941406, 0.4116998069690829, 1791402848822103801, 
-0.017151296138763428, -0.17375504970550537, 0.3664813971657629, 1791402848850829702, 
-0.0163690447807312, -0.4828680753707886, 0.24181729562261128, 1791402848881894456, 
0.22433555126190186, -0.26231932640075684, -0.005218356319438371, 1791402848912719507, 
-0.201494038105011, -0.1985531449317932, -0.10747327381930687, 1791402848945080228, 
0.4828178286552429, 0.29119211435317993, -0.10680756029571647, 1791402848970842192, 
-0.19240283966064453, 0.14841973781585693, -0.023389568294351175, 1791402849001496440, 
0.1457209587097168, -0.1461924910545349, 0.022129972927155347, 1791402849031413310, 
-0.22292768955230713, -0.08588606119155884, 0.00882981130002804, 1791402849061383315, 
0.17481815814971924, -0.03560584783554077, -0.008546532376691266, 1791402849091323267, 
-0.003600597381591797, -0.016801059246063232, -0.009219636389357124, 1791402849121336510, 
0.10725176334381104, 0.05921494960784912, 0.01077436929616306, 1791402849152777745, 
0.6128613352775574, 0.5612644553184509, 0.12360679105802275, 1791402849184258985, 
0.491421103477478, 0.4698747396469116, 0.5130247314290871, 1791402849221090429, 
-0.3148579001426697, -0.47627073526382446, 0.5954953900490964, 1791402849251081081, 
0.4815056324005127, -0.5076233744621277, 0.5742809133228121, 1791402849280983335, 
-0.23357194662094116, 0.2795242667198181, 0.5009562520761405, 1791402849312944566, 
0.22447383403778076, 0.07517945766448975, 0.45372767146295084, 1791402849343727001, 
-0.10293930768966675, -0.3589903712272644, 0.44837323501844456, 1791402849379795871, 
0.07621300220489502, -0.059768736362457275, 0.4168485445531865, 1791402849410872899, 
-0.15486925840377808, 0.4863317012786865, 0.4949018228737491, 1791402849439802771, 
0.08624732494354248, -0.08414733409881592, 0.48473133367705656, 1791402849471814184, 
-0.032070815563201904, -0.36349332332611084, 0.4849238472947685, 1791402849503441365, 
0.0692131519317627, -0.02749049663543701, 0.5528454367696055, 1791402849529827315, 
0.12613332271575928, 0.12189269065856934, 0.45325850839007314, 1791402849560477670, 
-0.002563953399658203, -0.1055024266242981, 0.46233642801671126, 1791402849590686151, 
0.00024813413619995117, -0.05108010768890381, 0.4625326860638588, 1791402849620550766, 
0.03171771764755249, 0.007685422897338867, 0.4530451974718747, 1791402849649847060, 
-0.006440520286560059, -0.1132240891456604, 0.476090587101726, 1791402849679806629, 
-0.031442105770111084, 0.1397973895072937, 0.4563742131456278, 1791402849713155573, 
0.10298198461532593, 0.005084097385406494, 0.5525824393566519, 1791402849740294491, 
-0.12370443344116211, -0.19003397226333618, 0.46889234608774166, 1791402849770207388, 
0.06321209669113159, -0.2091788649559021, 0.46109582332843774, 1791402849800344494, 
0.09478247165679932, 0.21796011924743652, 0.464098472487184, 1791402849830261190, 
0.09139847755432129, 0.15541714429855347, 0.4989105150818303, 1791402849860087047, 
0.3701697587966919, -0.14605623483657837, 0.5396968367563304, 1791402849889927377, 
-0.2850109934806824, -0.25803709030151367, 0.49756194903128564, 1791402849920899852, 
0.0059143900871276855, -0.03263580799102783, 0.44730654193249836, 1791402849953132965, 
-0.19296479225158691, 0.3777121901512146, 0.5345193329600069, 1791402849978795025, 
0.21900629997253418, -0.10691499710083008, 0.48558172933844246, 1791402850009669904, 
-0.1699046492576599, -0.10462236404418945, 0.5199763727444477, 1791402850039635210, 
0.17191344499588013, -0.0891464352607727, 0.5363133455469922, 1791402850069696926, 
-0.22675883769989014, 0.28590822219848633, 0.5282144046218181, 1791402850099544595, 
0.0014878511428833008, -0.03929668664932251, 0.5451464944969925, 1791402850129498199, 
-0.12150180339813232, -0.2067948579788208, 0.5036217108498423, 1791402850161314176, 
-0.14467018842697144, -0.10728496313095093, 0.5217651480696642, 1791402850192193562, 
-0.006742715835571289, 0.1682528853416443, 0.5684287966960658, 1791402850219381690, 
0.1435062289237976, 0.07367289066314697, 0.5065415184548366, 1791402850249331367, 
0.06867629289627075, -0.18465125560760498, 0.49962292878940073, 1791402850279347696, 
-0.047596514225006104, -0.117889404296875, 0.49876475247777974, 1791402850309117485, 
0.08396995067596436, 0.1845940351486206, 0.49449806517502043, 1791402850339089399, 
-0.12311744689941406, 0.12070447206497192, 0.5178873906668464, 1791402850369019789, 
-0.08814847469329834, -0.19500261545181274, 0.48732265746777326, 1791402850401023873, 
0.009692966938018799, -0.24491506814956665, 0.5156398333695862, 1791402850431776944, 
0.008143007755279541, 0.32836806774139404, 0.6063038208094785, 1791402850458866755, 
0.028465628623962402, 0.23541653156280518, 0.631416667517045, 1791402850487805694, 
-0.006093323230743408, -0.31867700815200806, 0.5759290522298681, 1791402850518990755, 
0.041680097579956055, -0.3129228949546814, 0.5935083153789583, 1791402850548678596, 
0.07421916723251343, 0.20248591899871826, 0.5918656523942885, 1791402850578707349, 
-0.014020264148712158, 0.2859182357788086, 0.5881874312295967, 1791402850609374335, 
0.02759552001953125, -0.3418771028518677, 0.5656371804832018, 1791402850640944612, 
0.055750370025634766, -0.19612914323806763, 0.6461918761533653, 1791402850668549879, 
-0.07476389408111572, 0.20683014392852783, 0.5875641580559597, 1791402850698409639, 
0.08170437812805176, 0.045127689838409424, 0.5732880140409903, 1791402850728488855, 
-0.09820753335952759, -0.27829664945602417, 0.5784860813882199, 1791402850758503771, 
-0.03100419044494629, -0.09952354431152344, 0.5954004402512705, 1791402850788230089, 
-0.038262009620666504, 0.26546746492385864, 0.599312835605047, 1791402850818265023, 
-0.1360589861869812, 0.006859123706817627, 0.6128343776729344, 1791402850848870958, 
0.15636485815048218, -0.21335238218307495, 0.5789150080664931, 1791402850881131792, 
0.256852388381958, -0.049364686012268066, 0.7392870149611365, 1791402850908100916, 
-0.30617403984069824, -0.013387143611907959, 0.651498645462833, 1791402850938047755, 
0.2749853730201721, -0.26163625717163086, 0.6242803321040701, 1791402850967929445, 
-0.22765791416168213, -0.100924551486969, 0.5848866197717767, 1791402850997982713, 
0.14795541763305664, 0.15729665756225586, 0.5860021461493696, 1791402851027839944, 
0.007715106010437012, -0.19508075714111328, 0.6065187365434311, 1791402851056806237, 
-0.17896872758865356, -0.19505947828292847, 0.5175043103199503, 1791402851088962783, 
0.02928537130355835, 0.16074490547180176, 0.5167583406297647, 1791402851121485495, 
-0.3173164129257202, -0.008768320083618164, 0.6514455706685954, 1791402851147612787, 
-0.01598912477493286, -0.15619546175003052, 0.5904060277765858, 1791402851187721573, 
0.013509511947631836, 0.29286348819732666, 0.6432561291586976, 1791402851217513106, 
0.03303724527359009, -0.1985236406326294, 0.6099037056598525, 1791402851249247155, 
0.18680834770202637, -0.3932528495788574, 0.5937833380195052, 1791402851280431969, 
0.03160172700881958, 0.08396804332733154, 0.6797991949592964, 1791402851307419518, 
-0.12233656644821167, 0.24579644203186035, 0.6146750635178596, 1791402851337335146, 
0.13339269161224365, -0.31789904832839966, 0.5921060228137135, 1791402851367209830, 
-0.08651363849639893, -0.3030058741569519, 0.5821251902122239, 1791402851397194857, 
0.12692207098007202, 0.341880738735199, 0.5968195812931761, 1791402851427124635, 
-0.10662287473678589, -0.07924330234527588, 0.6027073951615771, 1791402851456078652, 
0.29712533950805664, -0.3983891010284424, 0.5331226701554637, 1791402851489256028, 
-0.23143768310546875, 0.14663910865783691, 0.6600833478421128, 1791402851517105437, 
0.24028152227401733, 0.13638532161712646, 0.6087547381506122, 1791402851547117675, 
-0.19706213474273682, -0.29213207960128784, 0.610304121854255, 1791402851576967511, 
-0.09385639429092407, -0.026842117309570312, 0.6410981272309144, 1791402851606884919, 
-0.02424246072769165, 0.26937294006347656, 0.6514210707421999, 1791402851636759374, 
-0.055635690689086914, -0.40793585777282715, 0.6088707905475529, 1791402851666657771, 
-0.03093719482421875, -0.45843571424484253, 0.5866070620389899, 1791402851697463325, 
0.029486417770385742, 0.13031065464019775, 0.5904240855784759, 1791402851728840003, 
-0.3024371266365051, 0.2297886610031128, 0.6352666559923273, 1791402851756584792, 
0.36895132064819336, -0.4005736708641052, 0.5925400376728869, 1791402851786506955, 
-0.15811699628829956, -0.03394192457199097, 0.6133294118736822, 1791402851816445039, 
0.0815819501876831, 0.15050458908081055, 0.5818084986917, 1791402851846374031, 
0.125718355178833, -0.3945521116256714, 0.4965223806665541, 1791402851876309227, 
-0.48948580026626587, -1.0630836486816406, 0.30640351920801395, 1791402851906272059, 
-0.20338261127471924, -0.07486927509307861, 0.0799615388653756, 1791402851935803277, 
0.5892770886421204, 0.41814249753952026, 0.03933796172579497, 1791402851966965080, 
-0.29187655448913574, 0.751152753829956, 0.2716480542316151, 1791402851996199877, 
0.4099683165550232, 0.4738149642944336, 0.6455799879590732, 1791402852026024220, 
0.18380582332611084, -0.288280189037323, 0.7772543842276048, 1791402852056015027, 
-0.2513079047203064, -0.5150659084320068, 0.7665653675214433, 1791402852085973609, 
0.3385453224182129, 0.07757377624511719, 0.7525367056657519, 1791402852115911188, 
-0.5194596648216248, -0.1366392970085144, 0.7046894186049709, 1791402852145893974, 
0.25939249992370605, -0.36234909296035767, 0.6041252713837998, 1791402852177037094, 
-0.3473634719848633, -0.07485520839691162, 0.525037035460693, 1791402852209212115, 
0.2814122438430786, 0.01565718650817871, 0.5858592068121103, 1791402852236060719, 
-0.14857178926467896, -0.10872858762741089, 0.583312475983073, 1791402852265603536, 
0.2501712441444397, 0.2409301996231079, 0.614765505120301, 1791402852295603898, 
-0.2891887426376343, -0.07547712326049805, 0.6200437606021658, 1791402852325594511, 
0.0862463116645813, -0.3815736770629883, 0.6409753683574358, 1791402852355428558, 
-0.05016279220581055, 0.12506884336471558, 0.657675095543659, 1791402852385412197, 
-0.07072514295578003, 0.16749614477157593, 0.6167243023650725, 1791402852417089692, 
0.1902645230293274, -0.32794320583343506, 0.6129963809716481, 1791402852447807581, 
-0.3008674383163452, 0.0968974232673645, 0.6805713958199631, 1791402852485268679, 
-0.08478003740310669, 0.024078726768493652, 0.631493003806783, 1791402852515255734, 
-0.12198817729949951, -0.33386164903640747, 0.6017607373849009, 1791402852545089781, 
0.07241588830947876, -0.046552956104278564, 0.5872886514878839, 1791402852577020243, 
-0.036665380001068115, 0.24067044258117676, 0.62456277773426, 1791402852607711799, 
-0.07480579614639282, -0.24752449989318848, 0.6861062261816596, 1791402852634978673, 
-0.04427140951156616, -0.19220471382141113, 0.6341634125631191, 1791402852664871385, 
-0.13708090782165527, 0.3793215751647949, 0.622263771050032, 1791402852695300125, 
-0.03333234786987305, -0.32688623666763306, 0.6301068662135889, 1791402852724981760, 
0.07890838384628296, -0.250385582447052, 0.6382874713109427, 1791402852754870719, 
-0.5955563187599182, 0.2669879198074341, 0.6576813726983336, 1791402852785445363, 
0.07422471046447754, -0.14522886276245117, 0.638049618072853, 1791402852817228700, 
-0.20622533559799194, -0.2401612401008606, 0.6620194657674071, 1791402852844686636, 
-0.20014101266860962, -0.3945651054382324, 0.5359642536556604, 1791402852874696160, 
-0.1852865219116211, -0.5799820423126221, 0.31610699992044206, 1791402852897512965, 
-0.5392966866493225, -0.2941262722015381, 0.14713419843719622, 1791402852923812489, 
0.3037026524543762, -0.3038802742958069, -0.0005545078295268179, 1791402852954484180, 
-0.21831554174423218, 0.09539055824279785, -0.03201371371301945, 1791402852984374763, 
0.06580793857574463, -0.019109368324279785, -0.020927481611644205, 1791402853014357463, 
-0.10045766830444336, -0.1297937035560608, -0.013142874797280778, 1791402853044696716, 
0.6353188753128052, 0.6690225601196289, 0.06946266528802399, 1791402853074340400, 
0.31077975034713745, 0.18442600965499878, 0.30100513969294057, 1791402853105237096, 
0.21027112007141113, -0.36577165126800537, 0.43720631867429627, 1791402853137015065, 
-0.29250138998031616, -0.07259726524353027, 0.5040304310401221, 1791402853164193373, 
-0.028182029724121094, -0.05278503894805908, 0.4227358130466588, 1791402853194450326, 
-0.18002468347549438, -0.21221113204956055, 0.38463898666327095, 1791402853223984339, 
-0.13730543851852417, -0.25031858682632446, 0.33209174235855565, 1791402853254058191, 
-0.19855624437332153, 0.17566722631454468, 0.3268621257931199, 1791402853284053008, 
0.11044710874557495, 0.21650981903076172, 0.35046664525803456, 1791402853314043301, 
-0.06584614515304565, -0.3600882887840271, 0.3419304936638937, 1791402853345470769, 
-0.17241418361663818, -0.2862088680267334, 0.3278035459288419, 1791402853376906998, 
0.13911980390548706, 0.30671852827072144, 0.39490788649512093, 1791402853403970484, 
0.010521948337554932, 0.18562382459640503, 0.37852816044187604, 1791402853432813812, 
-0.2931396961212158, -0.39888226985931396, 0.3567477577539862, 1791402853462847500, 
-0.166245698928833, -0.10487163066864014, 0.33208361299863937, 1791402853494062730, 
0.03492063283920288, 0.04357147216796875, 0.3612753500209426, 1791402853523760898, 
0.006562411785125732, -0.015104115009307861, 0.37819717509552037, 1791402853553775893, 
-0.14799869060516357, 0.04938626289367676, 0.3526622327717488, 1791402853584868790, 
0.00745081901550293, -0.2528799772262573, 0.35909937322490154, 1791402853616017715, 
-0.031849443912506104, -0.15622538328170776, 0.40384678086090126, 1791402853643518083, 
-0.22869634628295898, 0.050914108753204346, 0.36495807860802715, 1791402853673625275, 
0.019100606441497803, 0.0002224445343017578, 0.364551030044815, 1791402853703493274, 
-0.04623526334762573, -0.06345129013061523, 0.340216341985117, 1791402853733606674, 
-0.17799007892608643, -0.28294622898101807, 0.3571964747500609, 1791402853763461455, 
-0.040588438510894775, 0.03804832696914673, 0.36529435733923077, 1791402853793653120, 
-0.06928211450576782, 0.21596121788024902, 0.35657273702462444, 1791402853824905960, 
0.05882406234741211, -0.09670394659042358, 0.3829517476668084, 1791402853852852166, 
-0.13681524991989136, -0.2523171305656433, 0.3537011341777497, 1791402853881832970, 
-0.0061460137367248535, 0.042541563510894775, 0.3415599342277388, 1791402853912746156, 
0.060799241065979004, 0.14821279048919678, 0.38105209236018645, 1791402853942626760, 
-0.02252197265625, -0.07033926248550415, 0.37919465085172976, 1791402853972641028, 
-0.22607123851776123, 0.0031369924545288086, 0.3463883527340071, 1791402854002678581, 
-0.26345258951187134, -0.2367570996284485, 0.33044324055069274, 1791402854033219126, 
-0.25040191411972046, -0.24734824895858765, 0.30049430667978827, 1791402854065317012, 
0.08101248741149902, -0.44750213623046875, 0.2366825076079495, 1791402854092427024, 
-0.7000935673713684, -0.16006016731262207, -0.008839167152878316, 1791402854121299190, 
0.153392493724823, 0.14873039722442627, -0.05988456915073202, 1791402854152242368, 
-0.15810924768447876, 0.01402205228805542, -0.012483733841963452, 1791402854182114865, 
0.17829769849777222, -0.2119063138961792, 0.026829086011181627, 1791402854212351295, 
-0.15669620037078857, -0.02665811777114868, 0.022844930980297995, 1791402854242288053, 
0.626882016658783, 0.27752649784088135, 0.03627836875522914, 1791402854273287773, 
0.5074242949485779, 0.31238704919815063, 0.20873383410267016, 1791402854304937792, 
0.26423877477645874, 0.28738170862197876, 0.47901156727530303, 1791402854331999261, 
-0.1592215895652771, -0.11044460535049438, 0.47258825857922554, 1791402854360801005, 
-0.30839765071868896, -0.5364111661911011, 0.3545359499697245, 1791402854385528154, 
-0.25353002548217773, 0.08373308181762695, 0.48704899454355927, 1791402854421696671, 
-0.11539047956466675, 0.25538814067840576, 0.3959597209448421, 1791402854451689795, 
-0.07430803775787354, -0.4428855776786804, 0.3443371965173113, 1791402854481659412, 
0.15897798538208008, -0.20239770412445068, 0.2906207902221578, 1791402854513584276, 
-0.25180625915527344, 0.31140440702438354, 0.317672494590412, 1791402854544903461, 
0.10887366533279419, -0.1799471378326416, 0.411484086292205, 1791402854581429944, 
-0.14045590162277222, -0.31770867109298706, 0.3759528299762117, 1791402854611368218, 
-0.023282945156097412, 0.042692601680755615, 0.38472784111935254, 1791402854641501302, 
-0.12268352508544922, 0.09068948030471802, 0.39606538104413513, 1791402854671978331, 
-0.024139761924743652, -0.058033108711242676, 0.3742041901024231, 1791402854703162477, 
-0.06492853164672852, -0.4345719814300537, 0.39336515109725845, 1791402854741174243, 
-0.14588063955307007, 0.060718655586242676, 0.3835180516840954, 1791402854771113327, 
0.050379157066345215, 0.3537389636039734, 0.3947352211208314, 1791402854801651897, 
-0.05984830856323242, -0.007537901401519775, 0.36970397061737054, 1791402854833527318, 
-0.13336139917373657, -0.4554107189178467, 0.3893377742442575, 1791402854863373167, 
-0.08888369798660278, -0.13979589939117432, 0.40121172979008457, 1791402854900878023, 
-0.12551116943359375, 0.1949673295021057, 0.3709994337237958, 1791402854930783685, 
-0.00629425048828125, 0.23214936256408691, 0.35354947278541304, 1791402854961475700, 
0.0435175895690918, -0.3436485528945923, 0.35909565359623546, 1791402854993009248, 
-0.14676886796951294, -0.24288731813430786, 0.42384292743697455, 1791402855020651416, 
-0.11365514993667603, 0.2553834319114685, 0.40390548876940824, 1791402855050616240, 
0.06907796859741211, 0.2212158441543579, 0.3933834036570289, 1791402855080561328, 
0.006049096584320068, -0.3348974585533142, 0.38330059828343577, 1791402855110448193, 
-0.020870327949523926, -0.2828527092933655, 0.3899563645787098, 1791402855140658505, 
-0.12952500581741333, 0.24509012699127197, 0.4086289130252819, 1791402855170402547, 
0.12083196640014648, 0.40656888484954834, 0.3972660424221629, 1791402855200149819, 
-0.03299593925476074, -0.25376439094543457, 0.3409879566714745, 1791402855233464781, 
-0.02364206314086914, -0.31469786167144775, 0.4221629440103558, 1791402855260386895, 
0.03507202863693237, 0.17573893070220947, 0.4015152114562655, 1791402855290153887, 
0.038940250873565674, 0.4933892488479614, 0.3999339430831677, 1791402855320129254, 
0.2142108678817749, -0.12758076190948486, 0.3832052271569227, 1791402855350025674, 
-0.125446617603302, -0.5928483605384827, 0.36896927602693613, 1791402855379998178, 
0.02718108892440796, 0.1260685920715332, 0.38817647375519293, 1791402855410150187, 
-0.024477899074554443, 0.49620258808135986, 0.3916314805647475, 1791402855441135809, 
-0.017151296138763428, 0.07002067565917969, 0.3544018622121471, 1791402855473704054, 
0.39077597856521606, -0.583336353302002, 0.46990508923995833, 1791402855499889836, 
-0.14919650554656982, 0.03168982267379761, 0.4274439178103671, 1791402855529781317, 
-0.19193899631500244, 0.18971538543701172, 0.3580800729242641, 1791402855553105187, 
0.08156329393386841, 0.09213364124298096, 0.43359507764282823, 1791402855589635093, 
-0.01175612211227417, -0.4349992275238037, 0.3815707151478389, 1791402855619603402, 
0.018813252449035645, -0.14617109298706055, 0.3744794863349684, 1791402855649759063, 
-0.1591395139694214, 0.3991515040397644, 0.36864102704296714, 1791402855681340984, 
0.4245966076850891, 0.11572617292404175, 0.40195485102536666, 1791402855711889335, 
-0.16523396968841553, -0.3481985926628113, 0.4181141263572036, 1791402855739431275, 
0.13483870029449463, -0.133162260055542, 0.39677797489420136, 1791402855768306227, 
0.05305767059326172, 0.334502637386322, 0.4048113538610961, 1791402855799267548, 
-0.17570126056671143, 0.29000258445739746, 0.41441538470305206, 1791402855829564985, 
0.1688692569732666, -0.2856808304786682, 0.42185439556159954, 1791402855859177436, 
0.0014524459838867188, -0.3160597085952759, 0.4077229795563848, 1791402855889163700, 
0.09883558750152588, 0.13795840740203857, 0.3959268804215736, 1791402855920806914, 
-0.03082507848739624, 0.3465908169746399, 0.4433345793835537, 1791402855949059390, 
-0.0017340779304504395, -0.21283143758773804, 0.4159473471356135, 1791402855978946724, 
-0.10330456495285034, -0.19722890853881836, 0.4085617406109184, 1791402856008922313, 
0.0001634359359741211, 0.12166595458984375, 0.40882934560867507, 1791402856038924755, 
0.019396841526031494, 0.14936554431915283, 0.42096321833332895, 1791402856067834142, 
-0.06922101974487305, -0.35412245988845825, 0.40214633819916185, 1791402856097853516, 
-0.06069391965866089, 0.002545297145843506, 0.37711348394826644, 1791402856128992241, 
0.18377947807312012, 0.23922735452651978, 0.390749022950393, 1791402856161203491, 
0.08587133884429932, 0.12225252389907837, 0.44717399734851143, 1791402856188912107, 
-0.07469159364700317, -0.36241841316223145, 0.41100738680265, 1791402856218647728, 
-0.0002461075782775879, -0.1576482057571411, 0.41289051714605346, 1791402856248732529, 
-0.01780688762664795, 0.3424290418624878, 0.42528917714662345, 1791402856278664807, 
0.05659794807434082, 0.05523800849914551, 0.4405563822432509, 1791402856308535501, 
-0.14604008197784424, -0.2556300163269043, 0.4097630675125579, 1791402856338542687, 
0.07679998874664307, -0.11476629972457886, 0.39282579263504014, 1791402856369663917, 
0.012685537338256836, 0.28371453285217285, 0.40400610465117975, 1791402856401203288, 
0.1439712643623352, 0.02279961109161377, 0.46509056742789767, 1791402856428183287, 
-0.22608333826065063, -0.3151854872703552, 0.3913268117925419, 1791402856458680229, 
0.05227547883987427, -0.05133712291717529, 0.4301252154800433, 1791402856487793632, 
-0.18049681186676025, 0.2721678614616394, 0.4061056526129347, 1791402856518602363, 
0.3077854514122009, -0.13220012187957764, 0.3973780052744082, 1791402856548595612, 
-0.1417798399925232, -0.3985232710838318, 0.39939174817337975, 1791402856577920637, 
-0.1375623345375061, 0.17462021112442017, 0.38694762626397644, 1791402856609021300, 
0.3831542730331421, 0.44091320037841797, 0.40288671270058446, 1791402856641051069, 
-0.10764151811599731, -0.1534995436668396, 0.45904151584177244, 1791402856667882034, 
0.11024689674377441, -0.41935527324676514, 0.4057468474253787, 1791402856696831460, 
-0.18196624517440796, 0.04695487022399902, 0.4216684868086676, 1791402856727769629, 
-0.06346195936203003, 0.41484999656677246, 0.4505799628414349, 1791402856757588138, 
-0.02618420124053955, 0.016792714595794678, 0.4007197434077585, 1791402856787512582, 
0.11848646402359009, -0.47783422470092773, 0.3988669440189755, 1791402856817640184, 
0.010570704936981201, 0.08361226320266724, 0.41374250996432216, 1791402856849172438, 
-0.14644569158554077, 0.4815661907196045, 0.4168112287472136, 1791402856879675637, 
0.31906658411026, -0.261580228805542, 0.4410454889055234, 1791402856907263835, 
-0.1392543911933899, -0.41825926303863525, 0.4103850738111212, 1791402856937288030, 
0.03465867042541504, 0.21214622259140015, 0.4253167327202716, 1791402856967228575, 
0.008247911930084229, 0.422624409198761, 0.41855117143712944, 1791402856997338569, 
0.12877243757247925, -0.3547876477241516, 0.4010543584469086, 1791402857027109081, 
-0.24519741535186768, -0.33376169204711914, 0.40444350788380967, 1791402857057272689, 
-0.037362098693847656, 0.3252626657485962, 0.4139568039865286, 1791402857089048299, 
0.006732940673828125, 0.3798345923423767, 0.47112047905439186, 1791402857116968741, 
-0.009654462337493896, -0.31512635946273804, 0.40804210170521454, 1791402857147142346, 
0.07130104303359985, -0.31761032342910767, 0.42761784038536504, 1791402857176850203, 
-0.0912371277809143, 0.11158162355422974, 0.4384744141508308, 1791402857207139190, 
0.07302349805831909, 0.368263304233551, 0.4382408675322854, 1791402857236791680, 
-0.12590473890304565, -0.3204360604286194, 0.4257101524955474, 1791402857266758458, 
-0.05735808610916138, -0.23704272508621216, 0.411241194056783, 1791402857297081641, 
-0.05914825201034546, 0.2945443391799927, 0.3842737732992436, 1791402857329985681, 
0.3325045704841614, 0.2095929980278015, 0.48656098042243645, 1791402857356500980, 
-0.02553737163543701, -0.36430203914642334, 0.4312043646918252, 1791402857385578827, 
-0.027540624141693115, -0.24506032466888428, 0.4185856080151757, 1791402857416384268, 
-0.08607244491577148, 0.4531415104866028, 0.4515250616636785, 1791402857446307074, 
0.08437317609786987, 0.1556779146194458, 0.4393018569749768, 1791402857476289278, 
-0.1529420018196106, -0.40145939588546753, 0.43471307827324346, 1791402857506183002, 
0.04598188400268555, -0.2249011993408203, 0.43527167966594715, 1791402857537155455, 
0.039802730083465576, 0.40871572494506836, 0.42661131327705837, 1791402857569073463, 
0.07640433311462402, -0.04537379741668701, 0.48964138051446354, 1791402857596061226, 
-0.050709545612335205, -0.3399590253829956, 0.4213604256859436, 1791402857626245655, 
-0.16725993156433105, 0.02847057580947876, 0.4428121586757885, 1791402857656178750, 
-0.1668352484703064, 0.5091772675514221, 0.45052421565530537, 1791402857685929188, 
0.08331990242004395, -0.3048950433731079, 0.44551154227720907, 1791402857715897494, 
0.13738179206848145, -0.3468751311302185, 0.45932779704095883, 1791402857744998079, 
-0.16573089361190796, 0.17148131132125854, 0.40452092011658586, 1791402857777673611, 
0.1073310375213623, 0.2240801453590393, 0.4300966026464824, 1791402857808627785, 
-0.09741866588592529, -0.2615702152252197, 0.47989290424592024, 1791402857835953729, 
-0.054529786109924316, 0.05494070053100586, 0.4591025256983315, 1791402857864876897, 
-0.09170383214950562, 0.17841774225234985, 0.45172965869967824, 1791402857895507310, 
0.06512898206710815, -0.011114895343780518, 0.4529376102826633, 1791402857925510763, 
-0.24469047784805298, -0.2328283190727234, 0.4324458705887575, 1791402857955354924, 
0.3087872862815857, 0.0069637298583984375, 0.44436269484140695, 1791402857985350893, 
-0.20116204023361206, 0.25822293758392334, 0.43675568666124215, 1791402858017170162, 
0.21845614910125732, -0.22376596927642822, 0.4209092251954596, 1791402858048034029, 
-0.14474540948867798, -0.25686097145080566, 0.4534280180473256, 1791402858075174294, 
0.09725922346115112, 0.2514963746070862, 0.4393206752997711, 1791402858105187977, 
-0.10611063241958618, 0.25338536500930786, 0.39760139481960177, 1791402858127648794, 
0.1774844527244568, -0.37692707777023315, 0.46328293180465474, 1791402858165072145, 
-0.08324092626571655, -0.2627922296524048, 0.43657110068035054, 1791402858195110643, 
-0.10392117500305176, 0.31455785036087036, 0.46371546595819313, 1791402858224858745, 
-0.01739579439163208, 0.19670063257217407, 0.4141376823070891, 1791402858257373565, 
0.05029398202896118, -0.21435779333114624, 0.4669727670893298, 1791402858284902152, 
-0.05143868923187256, -0.1263856291770935, 0.4550507739748465, 1791402858314765659, 
0.02590179443359375, 0.29990077018737793, 0.4673648761282137, 1791402858344671664, 
-0.04834264516830444, -0.10621654987335205, 0.4461882789148299, 1791402858374690029, 
0.17651242017745972, -0.33513379096984863, 0.4388340169638785, 1791402858404604998, 
-0.17838424444198608, 0.1524115800857544, 0.44979559415674614, 1791402858434651885, 
0.09746259450912476, 0.2581802010536194, 0.44038437512677436, 1791402858465088244, 
-0.13222098350524902, -0.2139989733695984, 0.3940538089576777, 1791402858497431728, 
-0.02245640754699707, -0.2246055006980896, 0.48172361355958326, 1791402858524490761, 
-0.04676634073257446, 0.30798202753067017, 0.4485023775025406, 1791402858554316606, 
0.12916457653045654, 0.1054655909538269, 0.45255299431682894, 1791402858584255279, 
0.11261707544326782, -0.3480849266052246, 0.4367381921675873, 1791402858614361471, 
-0.12675511837005615, -0.07375794649124146, 0.44964265941510895, 1791402858644382685, 
0.04332631826400757, 0.3650761842727661, 0.45685901240608906, 1791402858674123186, 
-0.09150397777557373, -0.19373923540115356, 0.42034376902855475, 1791402858705217695, 
-0.09623688459396362, -0.18882745504379272, 0.39276465240486624, 1791402858737771662, 
0.049594223499298096, 0.1905187964439392, 0.5419067612130083, 1791402858764148454, 
-0.017788589000701904, 0.3047943711280823, 0.4817922734274482, 1791402858794060181, 
-0.15590447187423706, -0.4799070358276367, 0.4431825591880384, 1791402858824002653, 
0.19845670461654663, -0.19690030813217163, 0.44443545712257093, 1791402858853945883, 
-0.10382264852523804, 0.2953447103500366, 0.4632540660157908, 1791402858884114169, 
0.1549597978591919, 0.15228432416915894, 0.4487574920339563, 1791402858913962251, 
0.04289233684539795, -0.5134754776954651, 0.4285323906596095, 1791402858945414862, 
-0.22005146741867065, 0.10706430673599243, 0.4461059929500838, 1791402858976097276, 
-0.14817160367965698, 0.4509696960449219, 0.4949195952763489, 1791402859003848474, 
0.1288459300994873, -0.1997320055961609, 0.4537949940803056, 1791402859033857652, 
-0.1791214942932129, -0.42823612689971924, 0.40837467791601784, 1791402859056139006, 
-0.009160220623016357, 0.14008355140686035, 0.49683631512239557, 1791402859083778111, 
0.01509004831314087, 0.3775080442428589, 0.4673848672672527, 1791402859112828786, 
-0.005768299102783203, -0.3412069082260132, 0.4293174112501114, 1791402859143782593, 
-0.19559180736541748, -0.3340074419975281, 0.45546177287076295, 1791402859173748182, 
-0.0864061713218689, 0.3181096911430359, 0.48791625615301515, 1791402859202795862, 
0.249630868434906, 0.3839264512062073, 0.4414823608855733, 1791402859233749095, 
0.5048140287399292, -0.13671106100082397, 0.5323569225895116, 1791402859265281915, 
0.7563722133636475, 0.019515037536621094, 0.7441728053307446, 1791402859293344438, 
-0.013612210750579834, 0.16054439544677734, 0.6372302300152521, 1791402859323060222, 
0.11469733715057373, -0.34910035133361816, 0.5735405082402935, 1791402859352937733, 
-0.025708377361297607, -0.1094505786895752, 0.5512020957431417, 1791402859383032554, 
-0.09807384014129639, 0.16635435819625854, 0.550652380718999, 1791402859411800770, 
-0.11766946315765381, 0.20026564598083496, 0.48257649656406587, 1791402859442784550, 
0.006578326225280762, -0.141454815864563, 0.5202790310622083, 1791402859473229740, 
-0.06000471115112305, 0.11958187818527222, 0.5179911188932322, 1791402859506003813, 
-0.07976019382476807, 0.07066768407821655, 0.6438348271938636, 1791402859532721642, 
-0.011107325553894043, 0.013110637664794922, 0.5838944521608866, 1791402859562848853, 
-0.11441856622695923, -0.22392821311950684, 0.5876408857093173, 1791402859592704635, 
0.3442186117172241, 0.13595324754714966, 0.5639831142011333, 1791402859622749261, 
-0.35702770948410034, 0.02949625253677368, 0.568733655508783, 1791402859652430237, 
0.5386882424354553, -0.07817673683166504, 0.559477355576844, 1791402859682244346, 
-0.3128103017807007, -0.09952223300933838, 0.5784384668405957, 1791402859713264200, 
0.4941226840019226, 0.12937259674072266, 0.5575565403684186, 1791402859745255506, 
-0.24760115146636963, 0.08359813690185547, 0.656626283191225, 1791402859772249328, 
0.0009443759918212891, -0.13702327013015747, 0.5807158170805719, 1791402859802096584, 
-0.0212441086769104, 0.07556456327438354, 0.48397665524531985, 1791402859825332679, 
-0.27479463815689087, 0.1001136302947998, 0.6172008750612052, 1791402859861950592, 
0.48347288370132446, 0.07580208778381348, 0.5668847166103472, 1791402859892097500, 
-0.33206069469451904, -0.03926849365234375, 0.6125864366076107, 1791402859920806192, 
0.5008383393287659, 0.03877741098403931, 0.5374432236470258, 1791402859953986557, 
-0.23761290311813354, 0.05916869640350342, 0.5623021988060734, 1791402859984735177, 
-0.04082566499710083, 0.0544772744178772, 0.6345278351572748, 1791402860021627360, 
-0.17488116025924683, 0.03890359401702881, 0.5566623528135906, 1791402860051617878, 
-1.0219943523406982, -0.7263715267181396, 0.5229573346443462, 1791402860080862067, 
-0.4959511160850525, -0.18857789039611816, 0.2811214190303164, 1791402860113353416, 
-0.6834004521369934, -0.09677088260650635, 0.14594932277316677, 1791402860142794481, 
-0.2275094985961914, 0.12680751085281372, 0.029111894105094377, 1791402860181334195, 
-0.09991425275802612, -0.2905738353729248, -0.03491401435754083, 1791402860211283483, 
0.42184925079345703, -0.025626659393310547, -0.028540705191517857, 1791402860241271694, 
0.48923051357269287, 0.7953420281410217, 0.059719980040801576, 1791402860273896785, 
1.0143018960952759, 0.3164058327674866, 0.3085593013866956, 1791402860303687153, 
0.8372073769569397, -0.257114052772522, 0.46643632764724374, 1791402860341275779, 
0.30846482515335083, -0.18323558568954468, 0.4464748441096135, 1791402860371023727, 
0.0672757625579834, 0.4086386561393738, 0.5354378804682441, 1791402860402073613, 
-0.12130731344223022, 0.2749135494232178, 0.6045821549746716, 1791402860433525813, 
-0.2144850492477417, -0.2681395411491394, 0.6893297783746981, 1791402860460941152, 
-0.03360140323638916, -0.08737409114837646, 0.6411276510489752, 1791402860490782395, 
-0.3090915083885193, 0.2998678684234619, 0.6391731282602608, 1791402860520722198, 
-0.03830373287200928, -0.026403307914733887, 0.6035107185056202, 1791402860550736977, 
0.0347515344619751, -0.1759766936302185, 0.579909322139809, 1791402860580606901, 
-0.2426379919052124, -0.1856306791305542, 0.595022061988908, 1791402860610589286, 
0.4021921753883362, 0.16871744394302368, 0.6219023800911131, 1791402860640501800, 
-0.27521127462387085, 0.1558482050895691, 0.5643249046778264, 1791402860673257572, 
0.20698529481887817, -0.25247722864151, 0.6566440788581455, 1791402860700502687, 
-0.14563077688217163, 0.028172969818115234, 0.5781075772314481, 1791402860730585320, 
0.0971711277961731, 0.030054032802581787, 0.5731376945663257, 1791402860760335000, 
-0.28229182958602905, 0.1282510757446289, 0.5608564704827392, 1791402860790519606, 
0.046270787715911865, -0.03856396675109863, 0.5611531185953734, 1791402860820302524, 
-0.11963522434234619, -0.04327690601348877, 0.5890954083333312, 1791402860850158410, 
0.02913832664489746, 0.010631561279296875, 0.5757743006291317, 1791402860881339786, 
-0.08458775281906128, -0.024251103401184082, 0.5547740355703825, 1791402860913683054, 
-0.2931130528450012, -0.21352380514144897, 0.6575499690238624, 1791402860949993158, 
-0.8425180315971375, -0.3327261209487915, 0.5236413826257877, 1791402860979920665, 
-0.46282511949539185, -0.07815361022949219, 0.3194869284674639, 1791402861009862841, 
-0.8477296829223633, -0.44271981716156006, 0.1549670499989924, 1791402861042001143, 
-0.7160940170288086, -0.3420490026473999, 0.07122558341329681, 1791402861072468103, 
-0.053433001041412354, 0.1555061936378479, -0.027258763836116476, 1791402861098800645, 
0.07766717672348022, -0.1570354700088501, -0.07114351811384052, 1791402861129703634, 
0.22879034280776978, -0.10086286067962646, -0.08845437592616479, 1791402861159602195, 
0.2380901575088501, 0.2597777247428894, -0.02486163467153256, 1791402861189521466, 
0.13604247570037842, -0.10197597742080688, 0.0500652211042923, 1791402861219598718, 
-0.22780615091323853, -0.17317205667495728, 0.009777390088599191, 1791402861249403849, 
0.03367727994918823, -0.15792590379714966, -0.016974456968028847, 1791402861281380917, 
-0.11377906799316406, -0.004168212413787842, -0.022155665705813694, 1791402861309440688, 
0.16213858127593994, 0.028064310550689697, -0.006962220750068955, 1791402861339319166, 
-0.029115617275238037, -0.10814285278320312, 0.00896074878981412, 1791402861369431510, 
-0.026801466941833496, -0.025422334671020508, -0.002885692121631629, 1791402861399206125, 
0.09449195861816406, 0.014347195625305176, -0.0009186990451011719, 1791402861429081872, 
0.4787423014640808, 0.23438841104507446, 0.026835975849419668, 1791402861459127767, 
0.439777672290802, 0.5516567230224609, 0.21529579753721692, 1791402861489753770, 
0.9934990406036377, 0.1427045464515686, 0.38913621751641236, 1791402861521782773, 
0.2565147280693054, -0.19367742538452148, 0.48796951706570335, 1791402861549101976, 
0.5799652934074402, -0.0537223219871521, 0.4802335822146673, 1791402861578850330, 
-0.13128668069839478, -0.2568495273590088, 0.5780139939138488, 1791402861608887640, 
0.2032914161682129, 0.36411452293395996, 0.5614900637584908, 1791402861638909483, 
-0.5873337388038635, -0.061566174030303955, 0.5686213313624775, 1791402861668643938, 
0.15159058570861816, -0.16553258895874023, 0.5812471814584017, 1791402861698736870, 
-0.34103429317474365, -0.15968859195709229, 0.5543160559513846, 1791402861729410417, 
0.3526065945625305, -0.008339762687683105, 0.4820316821806062, 1791402861761578928, 
0.19545507431030273, 0.16815578937530518, 0.5503447547102674, 1791402861788559007, 
0.07142740488052368, -0.09724313020706177, 0.5212312243998249, 1791402861818615378, 
-0.11256229877471924, 0.003532886505126953, 0.5654380740652372, 1791402861848326883, 
-0.07791942358016968, -0.1134985089302063, 0.5371938592739591, 1791402861878607501, 
0.09377670288085938, -0.1587144136428833, 0.5376756252587458, 1791402861908245687, 
-0.015812695026397705, 0.04456603527069092, 0.5285733441740398, 1791402861938188224, 
0.13257503509521484, -0.03469747304916382, 0.46741080831459264, 1791402861968803855, 
-0.1468603014945984, 0.13187545537948608, 0.4028838540673686, 1791402862001191536, 
-0.031830787658691406, -0.10783952474594116, 0.513293400805013, 1791402862028071934, 
-0.1458730697631836, 0.0007721185684204102, 0.4796562872092709, 1791402862058010245, 
-0.04251188039779663, 0.07332813739776611, 0.4436048940314511, 1791402862080606871, 
-0.051410794258117676, -0.14949804544448853, 0.5277924175112161, 1791402862108199165, 
0.0884709358215332, -0.16172611713409424, 0.494415917670642, 1791402862137851393, 
-0.1413472294807434, 0.3040177822113037, 0.4880178434327637, 1791402862167763846, 
0.014252424240112305, -0.0694042444229126, 0.4796498553456159, 1791402862197747347, 
-0.016756832599639893, -0.1635502576828003, 0.48050813551326926, 1791402862227675400, 
0.17813968658447266, 0.04564601182937622, 0.4776185069600784, 1791402862257739034, 
0.04933267831802368, -0.004108250141143799, 0.43289391544826894, 1791402862289305827, 
0.17118895053863525, -0.09219563007354736, 0.4508115202072789, 1791402862319626434, 
-0.23503941297531128, -0.12359380722045898, 0.46912836971763694, 1791402862347757778, 
0.6701991558074951, -0.06228560209274292, 0.45138916418988273, 1791402862377438437, 
-0.3660547137260437, 0.014983177185058594, 0.4695845355945767, 1791402862396875331, 
-0.1346415877342224, -0.04608649015426636, 0.44528934411933063, 1791402862427381602, 
0.07546693086624146, 0.03432643413543701, 0.4366126346910057, 1791402862457305182, 
-0.4274371862411499, 0.12067580223083496, 0.45269986248009886, 1791402862487196021, 
0.5222623944282532, -0.16182845830917358, 0.46657756751011664, 1791402862517333795, 
-0.5239612460136414, -0.21117806434631348, 0.453240754893193, 1791402862547648545, 
0.6325774192810059, 0.11481821537017822, 0.47116586364652085, 1791402862577988311, 
-0.22597205638885498, 0.02948683500289917, 0.4451271959206893, 1791402862609252404, 
0.2500529885292053, -0.1558607816696167, 0.5056434449216873, 1791402862637100323, 
-0.1657353639602661, 0.14201462268829346, 0.46169659732587826, 1791402862667168186, 
0.22151786088943481, -0.14699316024780273, 0.45130176230898594, 1791402862696928137, 
-0.18545901775360107, -0.05864197015762329, 0.45766958776203565, 1791402862726877658, 
0.01440507173538208, 0.016915082931518555, 0.4158775152076995, 1791402862757195177, 
-0.03414571285247803, -0.24251329898834229, 0.39610743331778653, 1791402862786733713, 
0.0041716694831848145, 0.21502745151519775, 0.3935761755386657, 1791402862817352150, 
-0.12883096933364868, 0.09269344806671143, 0.3832260698596316, 1791402862849602432, 
0.06581968069076538, -0.25816667079925537, 0.4895287487315726, 1791402862876659489, 
-0.07106530666351318, 0.11319184303283691, 0.4664915425769084, 1791402862906633247, 
0.033192992210388184, -0.006553292274475098, 0.4392823402339673, 1791402862936550125, 
-0.00995337963104248, -0.24109429121017456, 0.4363059793241457, 1791402862966597915, 
-0.04666435718536377, 0.18394237756729126, 0.46355026790532794, 1791402862996256362, 
-0.013234257698059082, -0.1039513349533081, 0.4436912692421785, 1791402863026250541, 
-0.1104314923286438, -0.28754961490631104, 0.3930436806900288, 1791402863057588565, 
0.011325836181640625, 0.11917096376419067, 0.37622827681633253, 1791402863089206001, 
-0.025418579578399658, 0.016623973846435547, 0.441991998507429, 1791402863116122583, 
-0.2857811450958252, -0.10555970668792725, 0.39813637272632296, 1791402863146163984, 
0.27114051580429077, 0.1334250569343567, 0.41561985313897537, 1791402863176000106, 
-0.15651190280914307, -0.0628899335861206, 0.41873577535443524, 1791402863205969154, 
-0.3233162760734558, -0.16906195878982544, 0.4331139450636385, 1791402863235914049, 
-0.014858722686767578, 0.2029317021369934, 0.43419228740740495, 1791402863265766964, 
-0.2883928418159485, -0.0020143985748291016, 0.3748838644897655, 1791402863297360435, 
0.5164909362792969, -0.3112941384315491, 0.40555061417283067, 1791402863327163973, 
-0.14861738681793213, 0.21208661794662476, 0.44190263745295094, 1791402863354889681, 
0.3508862257003784, -0.027412116527557373, 0.40093093969770416, 1791402863384890135, 
0.04459649324417114, -0.15883392095565796, 0.385295443899138, 1791402863415492055, 
-0.08078747987747192, 0.05577725172042847, 0.41401722387037615, 1791402863445481862, 
0.007353663444519043, -0.008150696754455566, 0.3939217245693983, 1791402863475507176, 
-0.01894211769104004, -0.16595596075057983, 0.3977629729157444, 1791402863505402735, 
-0.16527503728866577, 0.16271352767944336, 0.3672420150937511, 1791402863538476414, 
-0.04904890060424805, -0.07390719652175903, 0.43217334590440654, 1791402863565387409, 
-0.15065830945968628, -0.17829984426498413, 0.3895958503642722, 1791402863595187993, 
-0.06623226404190063, 0.16982382535934448, 0.40566959220412857, 1791402863625205376, 
-0.29044008255004883, -0.04325157403945923, 0.40609158614551233, 1791402863655311010, 
0.1716955304145813, -0.2261229157447815, 0.40450812544176323, 1791402863685017499, 
-0.2693486213684082, 0.16411548852920532, 0.41264410355188164, 1791402863715178407, 
0.054000794887542725, 0.04606145620346069, 0.4209434054261812, 1791402863745620727, 
-0.10413700342178345, -0.1457039713859558, 0.38748383579783385, 1791402863777327469, 
0.012726247310638428, -0.04233896732330322, 0.45500089255196274, 1791402863805045302, 
-0.0755881667137146, -0.0489504337310791, 0.425503310640026, 1791402863834738062, 
0.06952250003814697, -0.07449650764465332, 0.40931273741093605, 1791402863863751862, 
0.01487511396408081, 0.09838712215423584, 0.3792808293226676, 1791402863894920259, 
-0.15968948602676392, -0.13060331344604492, 0.4046915455955376, 1791402863924578281, 
0.025455951690673828, -0.08001840114593506, 0.38888530574322816, 1791402863953819392, 
-0.04723954200744629, 0.1569029688835144, 0.3634273295741509, 1791402863986115002, 
-0.24406540393829346, -0.03942906856536865, 0.380855863083031, 1791402864017437259, 
0.41582244634628296, -0.14801639318466187, 0.447824570023112, 1791402864044794621, 
-0.3375746011734009, 0.19431018829345703, 0.4379932622971603, 1791402864074537354, 
-0.016197025775909424, -0.23427271842956543, 0.42490220172132326, 1791402864104318261, 
-0.19254571199417114, -0.29546844959259033, 0.3940383501110609, 1791402864134384079, 
-0.22102558612823486, 0.2911810874938965, 0.39747648343690856, 1791402864164321238, 
0.26865917444229126, -0.12207484245300293, 0.40291108508290835, 1791402864194307361, 
-0.18821990489959717, -0.22295719385147095, 0.36394214551382154, 1791402864225714081, 
0.03223097324371338, 0.21768218278884888, 0.36027848524561035, 1791402864257362193, 
-0.1460091471672058, 0.06336367130279541, 0.42833776686044833, 1791402864284552725, 
-0.20232337713241577, -0.21254700422286987, 0.38742534938987855, 1791402864314417216, 
0.07837605476379395, 0.13842296600341797, 0.4221810774031827, 1791402864344153444, 
-0.21859586238861084, -0.01253741979598999, 0.4195869842897787, 1791402864374277541, 
0.10978579521179199, -0.11023879051208496, 0.42157203327958814, 1791402864404155388, 
-0.15018045902252197, 0.1309637427330017, 0.42447774082529494, 1791402864434511922, 
0.016688287258148193, -0.057412683963775635, 0.3972396356664016, 1791402864465566159, 
0.09692806005477905, -0.17349618673324585, 0.3852320398680027, 1791402864496639258, 
-0.0925641655921936, 0.13827383518218994, 0.42833226284770737, 1791402864524141860, 
0.0917884111404419, -0.06837821006774902, 0.3857187426737422, 1791402864554004553, 
-0.23297375440597534, -0.2662241458892822, 0.3900297464242402, 1791402864584098121, 
0.0513424277305603, 0.24630707502365112, 0.39620296815753775, 1791402864613949428, 
-0.19737589359283447, -0.042689621448516846, 0.38919536157250983, 1791402864644014846, 
-0.10449540615081787, -0.22793656587600708, 0.41077375462164845, 1791402864673711721, 
-0.014510393142700195, 0.14935314655303955, 0.3929693165596601, 1791402864705430428, 
-0.22801905870437622, -0.057609379291534424, 0.43765548405911037, 1791402864733257851, 
0.21178346872329712, -0.19128382205963135, 0.42014546663171887, 1791402864763276569, 
-0.1084027886390686, 0.020064830780029297, 0.37612241785154843, 1791402864785639530, 
0.00468134880065918, -0.029256165027618408, 0.4474722525912604, 1791402864813288913, 
-0.1289287805557251, -0.08281350135803223, 0.3893569966638445, 1791402864843079838, 
0.017762064933776855, 0.040272057056427, 0.36699478226108584, 1791402864872922898, 
0.41183167695999146, -0.1275029182434082, 0.3468711124870471, 1791402864903361041, 
-0.40543806552886963, -0.1709294319152832, 0.3894246385976332, 1791402864931776827, 
-0.41699057817459106, 0.1937716007232666, 0.3549709600885016, 1791402864962861862, 
-1.059322476387024, -0.5206486582756042, 0.2648934793556585, 1791402864992798664, 
-1.0069615840911865, -0.24335116147994995, 0.07141215461878835, 1791402865025433356, 
0.16919678449630737, -0.08915579319000244, 0.033883675825739056, 1791402865052664146, 
-0.08187341690063477, 0.11790180206298828, 0.01081118281674423, 1791402865083021846, 
0.25603318214416504, -0.1860927939414978, -0.013177414578727686, 1791402865112497893, 
-0.06702351570129395, -0.03166627883911133, -0.04029497840002316, 1791402865142422214, 
0.043770432472229004, -0.014160692691802979, -0.019070100129501468, 1791402865172552203, 
-0.1444053053855896, -0.023607969284057617, -0.0028637089720205014, 1791402865202566876, 
0.08911126852035522, -0.06989789009094238, 0.0020320242112648566, 1791402865233512752, 
-0.09263831377029419, -0.019568443298339844, -0.001333175507649093, 1791402865266060738, 
-0.04710787534713745, -0.04087704420089722, -0.0012586804155099581, 1791402865302193245, 
-0.028593122959136963, -0.04276895523071289, 0.000851932149821825, 1791402865332068142, 
-0.06837332248687744, -0.04259169101715088, 0.0001489777406292603, 1791402865362076898, 
0.014477849006652832, -0.08184295892715454, -0.0008627323328745727, 1791402865393995997, 
-0.04955035448074341, -0.0402868390083313, -0.0015925690886961967, 1791402865424649067, 
-0.04561781883239746, -0.03684687614440918, 0.0007598726514410244, 1791402865462222324, 
0.0010842084884643555, -0.0261879563331604, 0.0012642553803535966, 1791402865490840001, 
-0.019081056118011475, -0.03532487154006958, -0.00037526530194074005, 1791402865522131053, 
-0.044499754905700684, -0.038754940032958984, -0.001022443637183617, 1791402865554193753, 
-0.021111130714416504, -0.06415367126464844, -0.0003946205699541534, 1791402865584100222, 
-0.039049625396728516, -0.06783527135848999, 5.8723102367360404e-05, 1791402865621655281, 
-0.03269970417022705, -0.04439669847488403, 0.0010365423397441286, 1791402865651557417, 
-0.011345207691192627, 0.056188881397247314, -0.0005620416856503413, 1791402865681782416, 
-0.03959101438522339, -0.0028516054153442383, -0.0005249511815245872, 1791402865713915423, 
-0.011727631092071533, 0.0064084529876708984, 0.0009281600704570258, 1791402865741400575, 
0.007353603839874268, -0.004100918769836426, 0.00138107257236139, 1791402865771395546, 
-0.04811757802963257, -0.0021615028381347656, 0.0010025194598429618, 1791402865793691115, 
-0.016016483306884766, -0.002195000648498535, 5.8819121617820477e-05, 1791402865831152392, 
0.007789194583892822, -0.0021300315856933594, -0.0018027412874409361, 1791402865861173899, 
-0.01533418893814087, -0.030870020389556885, 0.0004985327568085433, 1791402865891063687, 
-0.050783514976501465, -0.020072519779205322, 0.0010048796119183731, 1791402865921670346, 
-0.02526921033859253, -0.03783369064331055, 0.0008002618417599662, 1791402865953548254, 
-0.02780848741531372, 0.00023299455642700195, -0.0015854979085512177, 1791402865980991743, 
-0.016304850578308105, 0.02403312921524048, -0.00020873541184119698, 1791402866010974853, 
-0.03343111276626587, 0.006147623062133789, 0.0006750362781901184, 1791402866040908113, 
-0.01255863904953003, -0.015428006649017334, 0.0010257340665204748, 1791402866070892660, 
-0.020593702793121338, 0.006097137928009033, 0.00014367853577545593, 1791402866100761975, 
-0.012995004653930664, 0.0042909979820251465, -0.0012650063626184183, 1791402866130870412, 
-0.01106172800064087, -0.026255428791046143, -0.00019707272263653924, 1791402866162325918, 
-0.0013957023620605469, 0.01330113410949707, 0.0009824927999457023, 1791402866193690635, 
-0.02852761745452881, -0.04956263303756714, 0.0011403643211358872, 1791402866220660083, 
0.462663471698761, 0.11774486303329468, 0.006172673103515863, 1791402866250642824, 
0.4128190279006958, 0.4259653687477112, 0.15138273932650329, 1791402866280417787, 
1.4204987287521362, 0.2904195189476013, 0.3659382630534166, 1791402866310312844, 
0.303142786026001, 0.028824985027313232, 0.3661132732137371, 1791402866340282420, 
-0.14850926399230957, -0.3431282043457031, 0.4036890744841286, 1791402866370210177, 
0.06590533256530762, 0.03393292427062988, 0.43282188620586753, 1791402866401927096, 
-0.4011339545249939, 0.32813721895217896, 0.46151407654635646, 1791402866440247040, 
0.17459559440612793, -0.1620381474494934, 0.42524284173755084, 1791402866470046649, 
-0.184162437915802, -0.06324905157089233, 0.3722611948338301, 1791402866500034932, 
-0.30210185050964355, -0.10334581136703491, 0.36141588764160903, 1791402866530102447, 
0.06352388858795166, 0.15232813358306885, 0.36646596857103453, 1791402866561972988, 
-0.08095192909240723, 0.15268707275390625, 0.4240638384607907, 1791402866592325376, 
-0.1128760576248169, -0.21322232484817505, 0.4552806957458314, 1791402866620273958, 
0.16650480031967163, -0.17010122537612915, 0.419247253363392, 1791402866649725212, 
-0.1577615737915039, 0.216056227684021, 0.4179948961192036, 1791402866679680236, 
0.29752999544143677, 0.05740010738372803, 0.4066909825714641, 1791402866709586844, 
-0.2518519163131714, -0.13839983940124512, 0.38814201566993844, 1791402866739581113, 
-0.02533137798309326, -0.06781768798828125, 0.41101965490232545, 1791402866769543928, 
-0.050142765045166016, 0.12489831447601318, 0.36800744658619383, 1791402866802607526, 
0.027208924293518066, 0.1637398600578308, 0.4470591558510038, 1791402866839400841, 
-0.006671011447906494, -0.16387134790420532, 0.41704133161352963, 1791402866869440293, 
-0.009799063205718994, -0.13112854957580566, 0.40772058912756465, 1791402866899320254, 
-0.0952458381652832, 0.09028786420822144, 0.40425532868182, 1791402866930262499, 
-0.07201898097991943, -0.20662564039230347, 0.38914328183066105, 1791402866961781634, 
0.3606520891189575, 0.1419772505760193, 0.4111456972664624, 1791402866989111167, 
-0.5234915018081665, -0.01101076602935791, 0.3915652456195344, 1791402867019087731, 
0.07724463939666748, -0.0566558837890625, 0.34161381625539244, 1791402867042078072, 
-0.07965773344039917, 0.31788432598114014, 0.42080856878908485, 1791402867078947116, 
0.25632768869400024, -0.21139276027679443, 0.4231166747111824, 1791402867107928466, 
0.08446955680847168, -0.02924591302871704, 0.3906178845312239, 1791402867137906317, 
-0.2787933349609375, 0.276265025138855, 0.36978283482820673, 1791402867169603763, 
-0.07448399066925049, -0.05088084936141968, 0.36852324956887345, 1791402867201899133, 
-0.3271973729133606, -0.15139305591583252, 0.44222133080089243, 1791402867228643795, 
0.18365943431854248, 0.0944751501083374, 0.38297433864937225, 1791402867259095850, 
-0.12488412857055664, -0.0475773811340332, 0.3837050876103073, 1791402867288580207, 
0.09537500143051147, 0.09360414743423462, 0.3946103697744292, 1791402867318699688, 
-0.07270830869674683, -0.038580238819122314, 0.403632191055649, 1791402867348676280, 
-0.03072267770767212, -0.16138452291488647, 0.403767366977727, 1791402867378491506, 
-0.10218626260757446, 0.1556175947189331, 0.4011666152276501, 1791402867409919106, 
0.06057029962539673, -0.05244588851928711, 0.3859241831413754, 1791402867441404763, 
0.027498304843902588, 0.08235818147659302, 0.4369179864638951, 1791402867478274794, 
-0.23348158597946167, 0.01931130886077881, 0.3929498617408299, 1791402867508157392, 
-0.07443267107009888, -0.16231119632720947, 0.3921935786743282, 1791402867538138161, 
-0.0531688928604126, 0.11934643983840942, 0.38688612063901223, 1791402867570218346, 
-0.09280788898468018, 0.06833910942077637, 0.3856150578408509, 1791402867600578059, 
0.0002843141555786133, -0.19915318489074707, 0.4453076574643905, 1791402867638168892, 
0.04482382535934448, 0.06313365697860718, 0.4125118256635159, 1791402867667856541, 
0.12782680988311768, -0.1074036955833435, 0.38241356241170094, 1791402867698330819, 
-0.30313533544540405, 0.056011080741882324, 0.38719530582687955, 1791402867729571906, 
0.06220883131027222, -0.06501179933547974, 0.41445190447998354, 1791402867758055489, 
-0.4167570471763611, 0.015464365482330322, 0.3811044093973152, 1791402867787658724, 
0.08642375469207764, 0.2044086456298828, 0.39191899351901044, 1791402867817661104, 
0.019778907299041748, 0.006797373294830322, 0.41271964941091055, 1791402867847752852, 
0.3854135274887085, -0.10787606239318848, 0.4216567890469483, 1791402867877511810, 
-0.1725640892982483, 0.05161714553833008, 0.4156580419283836, 1791402867907548003, 
0.08858060836791992, -0.10258525609970093, 0.4246873546557231, 1791402867936798567, 
-0.17298680543899536, 0.0734819769859314, 0.3648709023229976, 1791402867969618008, 
-0.2936531901359558, -0.1352369785308838, 0.41675561556347823, 1791402867997374115, 
-0.2791518568992615, -0.031164050102233887, 0.3853601951018908, 1791402868037317591, 
-0.14079231023788452, 0.057035207748413086, 0.39428617774758584, 1791402868067528853, 
-0.07119059562683105, -0.007458925247192383, 0.3950947815119162, 1791402868097551497, 
-0.1708972454071045, -0.01795870065689087, 0.3817010140865055, 1791402868129925755, 
0.17169129848480225, -0.11143803596496582, 0.46205394581498394, 1791402868157097688, 
0.06198227405548096, -0.013360857963562012, 0.4322652633841196, 1791402868185932595, 
-0.08641350269317627, 0.21975570917129517, 0.3932618806718462, 1791402868216989383, 
-0.06756371259689331, -0.0903235673904419, 0.4084969500290383, 1791402868245826154, 
-0.2335941195487976, -0.14802336692810059, 0.369374283012371, 1791402868277139525, 
-0.2654716372489929, 0.008051931858062744, 0.4137447449244987, 1791402868306711883, 
0.2643697261810303, 0.16299718618392944, 0.3740532955064798, 1791402868338304733, 
0.07655036449432373, 0.00425875186920166, 0.3945293916797054, 1791402868369786525, 
0.21419960260391235, -0.10650092363357544, 0.46375157380818943, 1791402868396617272, 
0.15684950351715088, -0.010635733604431152, 0.3970197282894942, 1791402868426481201, 
-0.02478879690170288, 0.16335487365722656, 0.39237541515714713, 1791402868456493157, 
-0.10953903198242188, -0.04181188344955444, 0.3882798509273058, 1791402868486393581, 
0.0925590991973877, 0.062027931213378906, 0.39812012114556417, 1791402868516457255, 
-0.5940113067626953, -0.05801290273666382, 0.40876212309449883, 1791402868546328114, 
0.1700836420059204, -0.1702321171760559, 0.37390633430727466, 1791402868578370159, 
-0.48526114225387573, 0.20107215642929077, 0.38348508733287673, 1791402868609931798, 
0.6509694457054138, -0.017539560794830322, 0.4585700372784391, 1791402868636257117, 
-0.34827572107315063, -0.23087149858474731, 0.40328580534040154, 1791402868666057828, 
0.15187311172485352, 0.06833499670028687, 0.4108781271343636, 1791402868696043920, 
-0.14591002464294434, 0.17672938108444214, 0.4090330210452918, 1791402868725169372, 
-0.14686107635498047, 0.039891600608825684, 0.38350466995780985, 1791402868756134538, 
-0.056935012340545654, -0.1355106234550476, 0.3996291473316019, 1791402868786049108, 
-0.08119583129882812, -0.0973823070526123, 0.3834180106279101, 1791402868817684470, 
-0.1370970606803894, 0.22172492742538452, 0.397759952915244, 1791402868848436768, 
0.10840070247650146, -0.09373247623443604, 0.4243793289518669, 1791402868875965610, 
-0.22333359718322754, 0.05504715442657471, 0.4076164825824147, 1791402868905671298, 
0.09036898612976074, 0.0889708399772644, 0.4103992774938599, 1791402868935693469, 
-0.02104085683822632, -0.09077191352844238, 0.4170590507913221, 1791402868965731446, 
0.06983381509780884, 0.0873597264289856, 0.43184507472854605, 1791402868995466244, 
0.023411154747009277, -0.1370995044708252, 0.3949051824258994, 1791402869025899707, 
0.04169619083404541, -0.06773656606674194, 0.3617104282142994, 1791402869058311718, 
-0.07349938154220581, 0.20375031232833862, 0.4138228686795078, 1791402869085540215, 
0.04625898599624634, -0.1111215353012085, 0.37241449268534493, 1791402869115358888, 
-0.45522183179855347, 0.12020039558410645, 0.38496027422592577, 1791402869145242300, 
-0.4103482961654663, -0.15462583303451538, 0.36839720423906214, 1791402869175166786, 
-1.1376898288726807, -0.4107663631439209, 0.28697821904388326, 1791402869205288573, 
-0.9007309079170227, 0.06284666061401367, 0.14479082398568016, 1791402869235054445, 
-0.582802951335907, -0.30670541524887085, 0.04469458849135126, 1791402869265669990, 
-0.06080782413482666, 0.10535073280334473, -0.04853616808003509, 1791402869298080231, 
-0.02977508306503296, -0.0975150465965271, -0.020128250766530537, 1791402869324974036, 
0.27520519495010376, 0.08131760358810425, 0.0017272069385830442, 1791402869354896599, 
-0.02364516258239746, 0.1633400321006775, 0.004215943090430605, 1791402869384867277, 
0.06692177057266235, -0.15001332759857178, 0.00278921246882489, 1791402869414972917, 
-0.09943634271621704, -0.10340964794158936, -0.0007733305757011357, 1791402869443798617, 
-0.0872277021408081, -0.006753683090209961, 0.006518451724333737, 1791402869475373194, 
-0.014495134353637695, -0.044635117053985596, 0.00942195453894955, 1791402869505706976, 
-0.05206704139709473, 0.03254127502441406, -0.003813786461291257, 1791402869537933409, 
0.025067389011383057, -0.06793522834777832, -0.0022206132496018728, 1791402869564694381, 
-0.06086874008178711, -0.026947975158691406, 0.0008418843915592653, 1791402869594926204, 
-0.01780688762664795, -0.03968900442123413, 0.003682568109628324, 1791402869624885783, 
0.17585813999176025, 0.044712841510772705, 0.0017409340794639979, 1791402869654843299, 
0.756180465221405, 0.6730378270149231, 0.12522191183410555, 1791402869683816399, 
1.1705530881881714, 0.16612553596496582, 0.3013596334693868, 1791402869714556052, 
0.8870499730110168, -0.560856282711029, 0.3216262543081592, 1791402869746141132, 
-0.0171278715133667, 0.04947775602340698, 0.3869658599859229, 1791402869776592842, 
0.24475938081741333, 0.4090883135795593, 0.4512820973041744, 1791402869804384963, 
-0.05420386791229248, 0.04585808515548706, 0.41320171746915185, 1791402869834334730, 
-0.31677865982055664, 0.10596036911010742, 0.39338326856049927, 1791402869864474304, 
-0.20522040128707886, -0.1074373722076416, 0.41211907993400404, 1791402869894370770, 
-0.07501727342605591, 0.10153859853744507, 0.4172661460903124, 1791402869924481537, 
0.031260550022125244, -0.13919180631637573, 0.41667635256132596, 1791402869954498692, 
-0.05080091953277588, -0.1666143536567688, 0.3869485464977609, 1791402869986052881, 
0.1609504222869873, 0.2755761742591858, 0.3982907213275621, 1791402870016414281, 
-0.21784555912017822, 0.037073373794555664, 0.42123519164443585, 1791402870044251953, 
0.0651167631149292, 0.004850208759307861, 0.41138326217937937, 1791402870074395962, 
-0.17787718772888184, -0.009263873100280762, 0.42497988284227045, 1791402870103527198, 
0.20717257261276245, 0.020948350429534912, 0.3992600378010039, 1791402870133471201, 
-0.0514606237411499, 0.049976646900177, 0.4028800249034263, 1791402870163435257, 
0.04942619800567627, -0.08908891677856445, 0.3789059384727698, 1791402870194609350, 
-0.17876654863357544, 0.15518701076507568, 0.3907907620519617, 1791402870225742734, 
-0.03657329082489014, -0.04440516233444214, 0.4566453229846361, 1791402870253294693, 
0.14177441596984863, -0.053038597106933594, 0.4022316041192134, 1791402870283199760, 
0.1375851035118103, 0.01945650577545166, 0.40360844620383207, 1791402870313159088, 
0.030873477458953857, 0.07135015726089478, 0.39027983057589655, 1791402870343087780, 
0.18107038736343384, 0.02775263786315918, 0.39411326829097476, 1791402870372393499, 
-0.27059173583984375, -0.18367832899093628, 0.39625396313221617, 1791402870403031825, 
0.47781091928482056, 0.18120962381362915, 0.3896588917906722, 1791402870432810422, 
-0.5148669481277466, 0.14137732982635498, 0.3584203179665065, 1791402870465913612, 
0.3724713921546936, 0.05673205852508545, 0.4339948532638546, 1791402870503143476, 
-0.23665213584899902, -0.021714448928833008, 0.4142636523870449, 1791402870532755660, 
0.14772570133209229, -0.04149359464645386, 0.3963961481006637, 1791402870562686706, 
-0.15293794870376587, 0.17275470495224, 0.3666710550518972, 1791402870594240394, 
-0.04701501131057739, 0.10613316297531128, 0.3767815279771219, 1791402870625713351, 
-0.08450901508331299, -0.20367282629013062, 0.44305895974330267, 1791402870652588223, 
-0.15021568536758423, 0.15556609630584717, 0.411623991584284, 1791402870682493119, 
-0.1774633526802063, -0.05272984504699707, 0.34829245475321846, 1791402870706077731, 
0.004011631011962891, -0.13804608583450317, 0.43938959592434834, 1791402870742353494, 
-0.039829373359680176, 0.028080761432647705, 0.38864157362118534, 1791402870772473179, 
0.06892091035842896, 0.07850503921508789, 0.3918566175795398, 1791402870802260120, 
-0.28721821308135986, 0.24369192123413086, 0.38032192312665003, 1791402870834627351, 
0.2860773801803589, -0.12835407257080078, 0.42045776429805715, 1791402870864614363, 
-0.059511423110961914, 0.008120059967041016, 0.4715702799657548, 1791402870901050887, 
-0.12280440330505371, -0.15052741765975952, 0.38815269521996537, 1791402870932015558, 
-0.5408519506454468, 0.06314903497695923, 0.36408244221635183, 1791402870962722565, 
-0.5188140869140625, -0.14294356107711792, 0.27225133316009303, 1791402870992747276, 
-1.1158030033111572, -0.29188674688339233, 0.11831776764020796, 1791402871024241623, 
0.5292409062385559, -0.05269891023635864, 0.1513304927628892, 1791402871061935506, 
1.2672700881958008, 0.8085501194000244, 0.29388959956287897, 1791402871091706471, 
0.8588588237762451, 0.5131438374519348, 0.4202330670634105, 1791402871122097324, 
0.3915696144104004, -0.8018519878387451, 0.4130118238760593, 1791402871154534417, 
-0.1325255036354065, -0.14767485857009888, 0.4977975286359396, 1791402871181649782, 
-0.34456002712249756, 0.47668296098709106, 0.43881840091088675, 1791402871211497213, 
-0.0895012617111206, 0.246285080909729, 0.4005700334863959, 1791402871241433592, 
-0.5410891175270081, -0.611251711845398, 0.38064685381547775, 1791402871271422072, 
0.10570931434631348, 0.024100124835968018, 0.3685432990825096, 1791402871301510403, 
-0.22971045970916748, 0.4188203811645508, 0.3949539881534808, 1791402871331252985, 
-0.08321386575698853, -0.25926780700683594, 0.3872274645511978, 1791402871361961390, 
0.2771727442741394, -0.11984914541244507, 0.32853435452115354, 1791402871393844437, 
-0.08767390251159668, -0.10060107707977295, 0.4011549520327383, 1791402871430457701, 
-0.0829574465751648, 0.08326679468154907, 0.4084545926074126, 1791402871461091665, 
-0.1187782883644104, 0.12724757194519043, 0.42409321777235365, 1791402871491058086, 
0.1507468819618225, -0.1716078519821167, 0.4120286216993823, 1791402871521863622, 
-0.14536350965499878, 0.1338774561882019, 0.40016997096145557, 1791402871552797095, 
-0.9819048047065735, -0.30334120988845825, 0.3871672085101909, 1791402871581124696, 
-0.8974718451499939, -0.16408288478851318, 0.19196646121386207, 1791402871610772883, 
-1.1141501665115356, -0.22724658250808716, 0.11055296807732248, 1791402871639817468, 
-0.4857093095779419, -0.1085016131401062, 0.0646181162710883, 1791402871670696291, 
0.08471053838729858, 0.1598530411720276, -0.02220263512052676, 1791402871700620436, 
-0.03451871871948242, -0.20021575689315796, -0.029958333141145217, 1791402871730585128, 
0.1336597204208374, 0.03746676445007324, -0.006113709008075645, 1791402871762073939, 
0.03681820631027222, 0.1345888376235962, 0.0044094892334897925, 1791402871794394150, 
0.10290694236755371, -0.09637951850891113, -0.0025849126636941847, 1791402871830448028, 
-0.11779499053955078, 0.05938822031021118, -0.0019758310255540475, 1791402871860599240, 
-0.051851630210876465, -0.026730656623840332, 0.004261410192125196, 1791402871890283355, 
-0.04394716024398804, -0.047984540462493896, -0.003956798607648524, 1791402871922700343, 
-0.02047717571258545, -0.006909549236297607, -0.0021453806517049653, 1791402871952858547, 
-0.08233177661895752, -0.02550274133682251, 0.004757000433413655, 1791402871990101211, 
-0.06508415937423706, 0.014991998672485352, -0.00038237965464970724, 1791402872020068080, 
0.011872649192810059, -0.00494539737701416, -0.0003719756307257627, 1791402872050587042, 
0.7479487657546997, 0.65998774766922, 0.10476381968829988, 1791402872081901384, 
1.6296215057373047, 0.12268078327178955, 0.2652330544800603, 1791402872111958216, 
0.6320440173149109, -0.35238558053970337, 0.3260645748784496, 1791402872149949403, 
0.7061581015586853, 0.23176872730255127, 0.37688759157893503, 1791402872179776859, 
0.006211340427398682, 0.40239840745925903, 0.44326609165688097, 1791402872208818254, 
-0.2553030252456665, -0.08797729015350342, 0.37563575030254015, 1791402872242452966, 
-0.3034127354621887, 0.01668679714202881, 0.4520672890345223, 1791402872279638186, 
-0.29784154891967773, 0.03374636173248291, 0.42449520684089215, 1791402872309514316, 
-0.06305700540542603, -0.059797704219818115, 0.41456746720451565, 1791402872339523655, 
-0.341827392578125, -0.030115246772766113, 0.3722872013350781, 1791402872370219016, 
-0.10684233903884888, 0.039460062980651855, 0.3564307146802944, 1791402872402238333, 
-0.08189243078231812, 0.2063085436820984, 0.45164505773933006, 1791402872429450002, 
0.4590071439743042, 0.09665578603744507, 0.41126322153229994, 1791402872459601016, 
-0.3160272240638733, -0.13403242826461792, 0.4067088152891787, 1791402872489282104, 
0.13750392198562622, -0.12663251161575317, 0.40116780488732406, 1791402872519147612, 
-0.3164548873901367, 0.07579052448272705, 0.41101128415556104, 1791402872549354355, 
0.36680012941360474, 0.0063874125480651855, 0.4104641121816347, 1791402872579022150, 
-0.15715694427490234, 0.1494547724723816, 0.37550519020094075, 1791402872610306331, 
-0.04521089792251587, 0.06211817264556885, 0.37900884367263893, 1791402872642073047, 
0.14176177978515625, -0.016626417636871338, 0.4673704455233189, 1791402872668885734, 
-0.4083731174468994, -0.08505547046661377, 0.4184089561051119, 1791402872699452874, 
0.3018837571144104, -0.09131383895874023, 0.4038263836932876, 1791402872729592973, 
-0.1903277039527893, 0.31985896825790405, 0.39015924631313714, 1791402872759647889, 
0.012535929679870605, 0.033882200717926025, 0.38928816484938855, 1791402872789646615, 
-0.25481176376342773, -0.04982781410217285, 0.42102252759006104, 1791402872818758838, 
-0.13469648361206055, -0.021237492561340332, 0.39060742376043334, 1791402872848836955, 
0.21895664930343628, 0.011522769927978516, 0.3624943886581433, 1791402872881917305, 
-0.11326456069946289, 0.0984761118888855, 0.44526532027813387, 1791402872908742507, 
-0.08593326807022095, 0.0634622573852539, 0.40755949000756064, 1791402872938621713, 
0.1053321361541748, -0.08501935005187988, 0.4026739629828329, 1791402872968719592, 
0.29121696949005127, 0.03398078680038452, 0.3936149295879417, 1791402872998724858, 
-0.3196050524711609, 0.11348587274551392, 0.40424178812197276, 1791402873028548000, 
0.2544330954551697, -0.1624736189842224, 0.41909282342274584, 1791402873057223662, 
-0.22048652172088623, 0.11837059259414673, 0.36711812535483124, 1791402873090140842, 
0.4203144907951355, 0.24044394493103027, 0.41769713779726264, 1791402873118210274, 
-0.2760172486305237, -0.14068228006362915, 0.4141809429090498, 1791402873148212545, 
0.22064858675003052, 0.020565330982208252, 0.41486999693975757, 1791402873178180356, 
-0.034982919692993164, -0.0980151891708374, 0.4044096009534304, 1791402873198085068, 
-0.03382468223571777, 0.08657252788543701, 0.4046013964415582, 1791402873238068201, 
-0.9050300121307373, -0.1864437460899353, 0.38922164754729377, 1791402873267949639, 
-0.6698933243751526, -0.06821125745773315, 0.2456866707049925, 1791402873298323977, 
-1.2993643283843994, -0.34463173151016235, 0.10317187447731847, 1791402873330178451, 
-0.3421265482902527, -0.169438898563385, 0.05045495950606592, 1791402873357737848, 
-0.16033262014389038, 0.06560462713241577, 0.00546845601098432, 1791402873387611088, 
-0.0020970702171325684, -0.027064859867095947, -0.010969078300129142, 1791402873417698272, 
0.18808507919311523, -0.06633448600769043, -0.018184431990869252, 1791402873447511205, 
-0.0060457587242126465, 0.05176490545272827, -0.03181902748793596, 1791402873477745318, 
-0.0002238750457763672, 0.07644504308700562, -0.02259543605425701, 1791402873507401916, 
0.012983083724975586, -0.11910319328308105, -0.0019423176840682255, 1791402873537904565, 
0.8813779354095459, 0.2769318222999573, 0.027507121446481098, 1791402873569921496, 
1.433427333831787, 0.18572628498077393, 0.2272265532718102, 1791402873597390291, 
0.6462305188179016, 0.27817726135253906, 0.2595791010889329, 1791402873627250911, 
0.6043736934661865, -0.3180282711982727, 0.2975490574341565, 1791402873657075848, 
0.36331117153167725, 0.21885007619857788, 0.3477121802220624, 1791402873687061089, 
0.4481123685836792, 0.09444630146026611, 0.39338694127453394, 1791402873717019530, 
-0.1253441572189331, 0.09874218702316284, 0.4166625506074957, 1791402873746944190, 
-0.12080544233322144, -0.05289512872695923, 0.4058019821448416, 1791402873777883362, 
-0.08507728576660156, 0.1198420524597168, 0.3968944317964099, 1791402873810385460, 
0.05731123685836792, -0.13267242908477783, 0.48058286263618205, 1791402873837024559, 
-0.36304688453674316, -0.0009840130805969238, 0.4068108702074085, 1791402873866745091, 
-0.5036856532096863, 0.07614386081695557, 0.42044639538343503, 1791402873896681761, 
0.4132513999938965, 0.002847433090209961, 0.44078131715592406, 1791402873926643788, 
-0.3393856883049011, 0.11683428287506104, 0.41230368729345435, 1791402873956729810, 
0.6967732310295105, -0.14190644025802612, 0.40131678215207245, 1791402873986492739, 
-0.4080253839492798, -0.020280063152313232, 0.38093809686055163, 1791402874017887241, 
0.07221317291259766, 0.1774919033050537, 0.364947635195015, 1791402874049569994, 
-0.17518973350524902, 0.138658344745636, 0.42895904671664997, 1791402874076399328, 
-0.2072962522506714, -0.12691283226013184, 0.4047577372995975, 1791402874106342356, 
0.2197338342666626, -0.03324490785598755, 0.4297810152699799, 1791402874135245829, 
-0.061955153942108154, 0.086445152759552, 0.39117592152360864, 1791402874166223415, 
0.04537975788116455, 0.02904057502746582, 0.3870232710299175, 1791402874196128216, 
-0.2634021043777466, 0.06695050001144409, 0.3915515172200486, 1791402874226604538, 
-0.23824846744537354, -0.05936688184738159, 0.3870464192593528, 1791402874258548873, 
-0.015451133251190186, 0.08559411764144897, 0.3922594762664028, 1791402874288755734, 
0.14893358945846558, -0.13846540451049805, 0.40873697543786186, 1791402874325938000, 
-0.16125720739364624, 0.10460835695266724, 0.38844224556470797, 1791402874355989645, 
-0.06824642419815063, 0.013199090957641602, 0.3883966442429676, 1791402874386977451, 
0.015855908393859863, 0.09694546461105347, 0.3921458405792817, 1791402874418335594, 
0.03880077600479126, -0.11803829669952393, 0.4666866287077838, 1791402874444933031, 
0.08398336172103882, -0.04452699422836304, 0.3829064812138851, 1791402874475777251, 
-0.32416844367980957, 0.11824524402618408, 0.40053426980655715, 1791402874505597655, 
-0.1548454761505127, -0.11913615465164185, 0.399638812557186, 1791402874535937447, 
0.30632680654525757, 0.055429279804229736, 0.41124136644882925, 1791402874565483827, 
-0.3784751296043396, -0.1414089798927307, 0.38662087134083456, 1791402874595445562, 
0.47762012481689453, 0.21689951419830322, 0.3841360278829346, 1791402874626621773, 
0.05373489856719971, -0.07071763277053833, 0.378287172237669, 1791402874657929547, 
0.07627177238464355, 0.06908226013183594, 0.4475254692072214, 1791402874684321273, 
0.048627376556396484, 0.058901071548461914, 0.389215053622898, 1791402874715214180, 
-0.18217670917510986, -0.1953335404396057, 0.365822014792178, 1791402874738281018, 
0.10006928443908691, 0.09108221530914307, 0.44211403557464674, 1791402874775293783, 
-0.10968196392059326, -0.08876997232437134, 0.3883752065708797, 1791402874805093140, 
0.014877617359161377, 0.1887837052345276, 0.3888048093269215, 1791402874835013685, 
0.08470773696899414, -0.021299421787261963, 0.38182005417665243, 1791402874866151854, 
0.07395011186599731, 0.03741651773452759, 0.3679208707798963, 1791402874898395764, 
-0.08207160234451294, -0.02947312593460083, 0.4321113239329387, 1791402874925074021, 
0.028162121772766113, 0.27751386165618896, 0.3973886822351322, 1791402874955260346, 
-0.12906241416931152, -0.06239551305770874, 0.4281947484829994, 1791402874984940401, 
-0.015371382236480713, 0.02933710813522339, 0.42137570350822373, 1791402875014928540, 
0.04292494058609009, -0.1528032422065735, 0.4286302164616457, 1791402875044840823, 
0.32708263397216797, -0.07500672340393066, 0.42056688550796933, 1791402875074886200, 
-0.04192560911178589, 0.22981667518615723, 0.3759756724697193, 1791402875106213606, 
0.06495565176010132, -0.0314788818359375, 0.3670691723947948, 1791402875137197436, 
0.06358498334884644, 0.03983873128890991, 0.4305761985873809, 1791402875164709713, 
0.20514994859695435, -0.04336965084075928, 0.41802694551722036, 1791402875193822778, 
0.14275258779525757, 0.04533874988555908, 0.3849846038258807, 1791402875225135862, 
-0.150690495967865, -0.016368508338928223, 0.40088635287258195, 1791402875253813840, 
-0.04312252998352051, 0.12167233228683472, 0.3895251034126155, 1791402875284905983, 
-0.18958914279937744, -0.045503079891204834, 0.4323038319087338, 1791402875314593666, 
0.0963515043258667, -0.08311706781387329, 0.3916358777442862, 1791402875346637257, 
-0.23173975944519043, -0.024997591972351074, 0.41053610921253136, 1791402875376885072, 
0.356709361076355, 0.153461754322052, 0.43340829052066965, 1791402875404847145, 
-0.252930223941803, -0.029372215270996094, 0.41950216814817615, 1791402875434532640, 
0.2557566165924072, -0.0636560320854187, 0.4264967945719206, 1791402875464529748, 
-0.30216968059539795, -0.012218892574310303, 0.4583611757147904, 1791402875493018789, 
0.1434718370437622, 0.13360989093780518, 0.41488591637802735, 1791402875522831798, 
-0.15263253450393677, 0.11872678995132446, 0.3827751580426992, 1791402875554045348, 
-0.0021433234214782715, -0.16368788480758667, 0.38564841061454236, 1791402875585973473, 
-0.13133668899536133, 0.04325854778289795, 0.4327602273885797, 1791402875613726671, 
0.04112643003463745, -0.05255049467086792, 0.3748126397659995, 1791402875643756351, 
0.2659115791320801, -0.06475132703781128, 0.32639216534961063, 1791402875666481387, 
-0.2704530954360962, 0.04154425859451294, 0.4301730954267746, 1791402875703473612, 
0.2592296004295349, 0.08329182863235474, 0.40816326986432416, 1791402875732321878, 
-0.07346862554550171, -0.19147437810897827, 0.3831588227471249, 1791402875763411398, 
0.2966490387916565, 0.019308149814605713, 0.38605459509312423, 1791402875795326327, 
-0.3645896911621094, 0.3667494058609009, 0.38904874864189853, 1791402875826071590, 
0.19078826904296875, -0.08338731527328491, 0.41615640735027515, 1791402875863188586, 
-0.13302326202392578, -0.17814552783966064, 0.40081480510456136, 1791402875893093899, 
-0.06524229049682617, 0.012624502182006836, 0.41677009104581536, 1791402875923865966, 
-0.12206023931503296, 0.2512693405151367, 0.41319744587706925, 1791402875954314718, 
0.09744590520858765, -0.15095263719558716, 0.3701830739900223, 1791402875986736231, 
-0.07636284828186035, 0.1163872480392456, 0.4607839866450038, 1791402876012967853, 
0.23969215154647827, -0.13192600011825562, 0.4248785014783368, 1791402876041827495, 
-0.19482582807540894, -0.009476721286773682, 0.33476283350402286, 1791402876066016213, 
0.11740171909332275, 0.09531903266906738, 0.419773335131618, 1791402876103041479, 
-0.2912648916244507, -0.01602250337600708, 0.40516840354839373, 1791402876132717130, 
-0.11213940382003784, 0.011296749114990234, 0.40185658082519937, 1791402876162755512, 
-0.048595309257507324, -0.01162177324295044, 0.39612035270667334, 1791402876194410090, 
-0.07145410776138306, -0.14662456512451172, 0.4110697940717667, 1791402876224965361, 
-0.17226654291152954, 0.029405295848846436, 0.4154955385228042, 1791402876253150105, 
-1.1230347156524658, -0.27871179580688477, 0.31505334828256176, 1791402876282739675, 
-1.1141009330749512, -0.21200209856033325, 0.16496924642080837, 1791402876304604050, 
-0.885552167892456, -0.1808152198791504, 0.15674086076011762, 1791402876342728636, 
-0.8352838754653931, -0.13946020603179932, 0.09639261321931109, 1791402876372514438, 
-0.10300403833389282, 0.07375609874725342, -0.026407999384759642, 1791402876402302650, 
-0.07022345066070557, -0.21291440725326538, -0.058510832309462, 1791402876434787586, 
0.1718173623085022, 0.08198648691177368, -0.0412818327181771, 1791402876464663138, 
0.16782152652740479, 0.08793675899505615, 0.021170425466757833, 1791402876491951812, 
0.18229132890701294, -0.030075252056121826, 0.02048755903557589, 1791402876521960743, 
-0.15142232179641724, -0.04603385925292969, -0.01958753204250138, 1791402876552089294, 
0.04211997985839844, -0.04962277412414551, -0.01680155828200632, 1791402876581846285, 
-0.09912782907485962, -0.11647427082061768, 0.012971280417951422, 1791402876610804603, 
0.41707247495651245, 0.19498878717422485, 0.014189372221025376, 1791402876642557651, 
0.8610655069351196, 0.35671818256378174, 0.12706026174486573, 1791402876674177237, 
0.9619004130363464, -0.09349143505096436, 0.26497880063086, 1791402876701742721, 
0.9957315921783447, -0.37766939401626587, 0.24277434373268342, 1791402876731589213, 
0.8729573488235474, -0.20721405744552612, 0.23948524666737403, 1791402876755178481, 
0.5483249425888062, 0.6882061958312988, 0.3509617293699693, 1791402876791486333, 
0.7507343888282776, -0.0930892825126648, 0.39699573856642095, 1791402876821555571, 
-0.038294851779937744, -0.21841174364089966, 0.4450992671120384, 1791402876851559963, 
-0.3554651737213135, 0.05995678901672363, 0.4331282793179068, 1791402876882715176, 
-0.053974926471710205, 0.15190327167510986, 0.4133687015039504, 1791402876914634612, 
-0.3544018268585205, -0.3471566438674927, 0.4512925677525284, 1791402876951160067, 
-0.1253342628479004, -0.23474740982055664, 0.40070730973761964, 1791402876981308158, 
0.08431828022003174, 0.23743408918380737, 0.41039484301691387, 1791402877011097282, 
0.06522375345230103, 0.2051193118095398, 0.34454121077076844, 1791402877042739181, 
-0.015252172946929932, -0.09227770566940308, 0.33736824566611284, 1791402877074499555, 
-0.2485000491142273, -0.1598888635635376, 0.4361188202823958, 1791402877110912803, 
0.40607619285583496, 0.3303449749946594, 0.4162514368218983, 1791402877141087774, 
-0.24019503593444824, 0.1172950267791748, 0.4133126347129876, 1791402877170996763, 
-0.01796555519104004, -0.08326756954193115, 0.3866861853681078, 1791402877203437325, 
0.0277707576751709, 0.11007863283157349, 0.4377543583596842, 1791402877232842491, 
0.30383825302124023, 0.07482969760894775, 0.4366557228700682, 1791402877271012199, 
-0.18264484405517578, 0.2517051100730896, 0.3889339778805016, 1791402877300727711, 
0.10481959581375122, -0.19168072938919067, 0.38711083352205133, 1791402877330448657, 
-0.1501876711845398, 0.13833564519882202, 0.3794750202002411, 1791402877362238578, 
-0.03705936670303345, 0.05776935815811157, 0.40063584227608373, 1791402877392901002, 
-0.02537822723388672, 0.008056044578552246, 0.4287046164295797, 1791402877420450952, 
-0.19065284729003906, 0.12179028987884521, 0.3444370633813719, 1791402877442404995, 
0.13868457078933716, 0.08316898345947266, 0.3786424768288616, 1791402877472742076, 
-0.17978662252426147, -0.12948060035705566, 0.4289252980914313, 1791402877500218369, 
0.406613826751709, 0.0058397650718688965, 0.3924329674812394, 1791402877530182990, 
0.16823571920394897, 0.041803598403930664, 0.38779597942927024, 1791402877560067203, 
-0.07713311910629272, 0.07035636901855469, 0.371122973611058, 1791402877590062009, 
-0.20572692155838013, -0.044337451457977295, 0.39448368136313877, 1791402877619974393, 
-0.15963637828826904, -0.17510724067687988, 0.3825729042225313, 1791402877651417605, 
0.06786829233169556, 0.27374333143234253, 0.3799540313015068, 1791402877682502249, 
0.03675854206085205, -0.07134228944778442, 0.4305657594230437, 1791402877710155320, 
0.14941269159317017, 0.12401509284973145, 0.40312170624794064, 1791402877739757377, 
0.13098162412643433, -0.16999810934066772, 0.39343449930182556, 1791402877769752552, 
0.10465633869171143, 0.19174247980117798, 0.3972521670228407, 1791402877799659575, 
0.17623788118362427, 0.0800979733467102, 0.3712010446563906, 1791402877829752570, 
-0.32894569635391235, -0.09135711193084717, 0.38453164683480373, 1791402877859774253, 
-0.32306551933288574, -0.19997364282608032, 0.3921226791882489, 1791402877890288404, 
0.5889893174171448, 0.23077863454818726, 0.37234891596444375, 1791402877922535225, 
-0.17779844999313354, -0.0007209181785583496, 0.4156835210985399, 1791402877959368620, 
-0.18351829051971436, 0.04743480682373047, 0.40103532045668167, 1791402877989284934, 
-0.14442241191864014, -0.16417604684829712, 0.42390019913602184, 1791402878019253527, 
-0.22940057516098022, 0.053432345390319824, 0.4027495293435625, 1791402878050200803, 
-0.2067853808403015, 0.07495570182800293, 0.37929736267147973, 1791402878082164264, 
0.19858205318450928, 0.1385948657989502, 0.4577684505243288, 1791402878109091288, 
0.2353346347808838, -0.09713244438171387, 0.4125817098624677, 1791402878139445601, 
0.0626944899559021, 0.02624744176864624, 0.36329549979083997, 1791402878163137882, 
0.040230631828308105, 0.14680838584899902, 0.447006849515857, 1791402878199093883, 
-0.19893866777420044, 0.09248912334442139, 0.40624343198608065, 1791402878228858519, 
-0.20614629983901978, -0.13313770294189453, 0.4073435254008639, 1791402878258883039, 
0.14299070835113525, -0.09846341609954834, 0.3750854835833434, 1791402878290582824, 
-0.09501343965530396, 0.13821464776992798, 0.3675291998962172, 1791402878321511832, 
-0.02098691463470459, 0.15683460235595703, 0.4384718790267622, 1791402878347831156, 
-0.14111506938934326, -0.21492338180541992, 0.40931504758121945, 1791402878378582488, 
0.12463891506195068, 0.02959287166595459, 0.3759886603957565, 1791402878401021683, 
-0.418102502822876, 0.04478895664215088, 0.44520168914225927, 1791402878438495430, 
0.3831631541252136, -0.005469918251037598, 0.40358102066054385, 1791402878468455647, 
-0.30638188123703003, -0.06266093254089355, 0.39657811587962216, 1791402878498705875, 
0.21643513441085815, 0.1045922040939331, 0.3913118125944618, 1791402878530165059, 
0.28489071130752563, 0.005304694175720215, 0.42896612429737374, 1791402878558318908, 
0.10817432403564453, 0.027938544750213623, 0.39699303970956396, 1791402878588229563, 
-0.03911870718002319, -0.11994326114654541, 0.4356716646432214, 1791402878618225763, 
-0.23005181550979614, -0.029001832008361816, 0.4326259205704986, 1791402878648226520, 
-0.020274579524993896, -0.07392019033432007, 0.3974538175161387, 1791402878678091870, 
-0.0235406756401062, 0.03921765089035034, 0.37278068386596275, 1791402878708094300, 
-0.18827950954437256, 0.07230609655380249, 0.3818426283443224, 1791402878738750953, 
0.1813274621963501, -0.08641707897186279, 0.36372379688443257, 1791402878770424877, 
0.21369975805282593, -0.14581453800201416, 0.43698229134161126, 1791402878797893977, 
-0.02795463800430298, 0.27271080017089844, 0.405950628483718, 1791402878828005233, 
-0.044207096099853516, 0.12354207038879395, 0.3969017496284514, 1791402878857769587, 
-0.174146831035614, -0.27434295415878296, 0.4034301235533662, 1791402878887036222, 
0.2625049352645874, -0.04823029041290283, 0.3975797905215086, 1791402878917743720, 
0.11789488792419434, 0.23833996057510376, 0.40003274180255166, 1791402878947625320, 
-0.059670984745025635, 0.17879360914230347, 0.39599230697447146, 1791402878977400855, 
-0.24124622344970703, -0.3927047848701477, 0.3699974285288166, 1791402879010197990, 
0.5046206712722778, -0.02708578109741211, 0.4328118119565507, 1791402879037880004, 
-0.5524441003799438, 0.10973668098449707, 0.38185970334226654, 1791402879067339214, 
-0.07797515392303467, -0.022460520267486572, 0.3865811289126609, 1791402879097355240, 
0.05804687738418579, 0.06509828567504883, 0.3837857790671193, 1791402879127276785, 
0.053230464458465576, 0.02148914337158203, 0.39011275345850654, 1791402879157185061, 
0.05674511194229126, 0.05157405138015747, 0.39184028569012064, 1791402879187184854, 
0.18217027187347412, 0.1695147156715393, 0.3929013724730722, 1791402879218463326, 
-0.19382381439208984, -0.20629948377609253, 0.3883101320046527, 1791402879250712432, 
-0.07423025369644165, -0.029104948043823242, 0.49249674655493547, 1791402879277063742, 
-0.09901976585388184, 0.21035009622573853, 0.41791547126898415, 1791402879306925516, 
-0.2765994071960449, -0.0010710358619689941, 0.40477623352985015, 1791402879336997373, 
0.2596759796142578, -0.11908155679702759, 0.4021293436880137, 1791402879366937371, 
0.03986048698425293, -0.09198689460754395, 0.4139005911528712, 1791402879396743224, 
0.29796260595321655, 0.13509517908096313, 0.3814134761812686, 1791402879427097783, 
-0.19865775108337402, 0.15443629026412964, 0.3700251472126348, 1791402879458429181, 
0.24203497171401978, -0.12208312749862671, 0.390140054868279, 1791402879489070766, 
-0.36911535263061523, -0.15080547332763672, 0.4660402302161885, 1791402879515815302, 
-0.07557612657546997, 0.2487519383430481, 0.3798894434378804, 1791402879546559367, 
0.10813301801681519, 0.11526954174041748, 0.38459779721419457, 1791402879576503080, 
-0.25305086374282837, -0.1331886649131775, 0.3888393986698371, 1791402879605811270, 
-0.3520280122756958, -0.16138631105422974, 0.3845402077210056, 1791402879636556044, 
0.009121835231781006, 0.30371344089508057, 0.4380253930728104, 1791402879666476379, 
-0.060720086097717285, -0.027918696403503418, 0.4199900640534857, 1791402879698653018, 
0.28032010793685913, -0.11137586832046509, 0.4291328643897785, 1791402879729096496, 
0.1903383731842041, -0.03815746307373047, 0.46094463753449366, 1791402879756253071, 
0.012668848037719727, 0.12397950887680054, 0.38622806365377105, 1791402879786270151, 
-0.14310163259506226, -0.10459762811660767, 0.40365931478003364, 1791402879816042888, 
-0.03484904766082764, -0.12256050109863281, 0.4057302194925605, 1791402879846122929, 
-0.008819997310638428, 0.02870798110961914, 0.40637410529172097, 1791402879876049062, 
0.13239985704421997, 0.23323071002960205, 0.38947779267616384, 1791402879906165452, 
-0.03311598300933838, -0.038062095642089844, 0.3658365764200531, 1791402879938182381, 
0.2049533724784851, -0.11297738552093506, 0.44269903913266984, 1791402879965777371, 
0.17283004522323608, -0.02358829975128174, 0.3999820934306134, 1791402879995956237, 
-0.1767938733100891, 0.24782341718673706, 0.3987344249230642, 1791402880025670598, 
0.012750446796417236, -0.06056511402130127, 0.38908053013077537, 1791402880055619656, 
1.2755393981933594e-05, -0.1934146285057068, 0.39143161860530795, 1791402880085577619, 
0.20420092344284058, 0.013166248798370361, 0.41439244517656393, 1791402880115486065, 
-0.4030267000198364, 0.32240623235702515, 0.3963749820804027, 1791402880146610431, 
0.4376407265663147, -0.23199951648712158, 0.3815600629303844, 1791402880178201734, 
-0.22314584255218506, -0.14018559455871582, 0.4297891930003255, 1791402880205377877, 
0.2019481658935547, 0.23010647296905518, 0.38884773288289576, 1791402880235317221, 
-0.11143630743026733, 0.12794631719589233, 0.3815564234760234, 1791402880265185694, 
-0.3063042163848877, -0.3533657193183899, 0.39646764383027255, 1791402880295151873, 
0.3561285734176636, 0.16985058784484863, 0.38810289096697687, 1791402880325153106, 
-0.11435610055923462, 0.10046225786209106, 0.3852959307321826, 1791402880355193077, 
0.01848548650741577, 0.12456017732620239, 0.3629692630136926, 1791402880386192262, 
-0.12834382057189941, -0.24384278059005737, 0.3801471163352715, 1791402880417213876, 
0.07107263803482056, -0.009377062320709229, 0.43986870537209577, 1791402880445238102, 
-0.3138355016708374, 0.14553004503250122, 0.4142086133291681, 1791402880475012675, 
-0.010236263275146484, 0.1399642825126648, 0.3543095400238682, 1791402880498488059, 
-0.04162120819091797, -0.16745918989181519, 0.4723675601202051, 1791402880535042094, 
0.1673395037651062, 0.11237525939941406, 0.42336291921882235, 1791402880564990224, 
-0.05554550886154175, 0.18441790342330933, 0.400271381195815, 1791402880594905355, 
0.23483139276504517, -0.1931018829345703, 0.3919146235122321, 1791402880626203465, 
-0.31562644243240356, -0.08563369512557983, 0.4112107213705206, 1791402880657003556, 
0.030178725719451904, -0.05788552761077881, 0.4391027901404332, 1791402880693820249, 
-0.06215280294418335, 0.35600942373275757, 0.36333232030245044, 1791402880725071488, 
-0.09982913732528687, -0.17322319746017456, 0.4186958532251634, 1791402880753831897, 
0.19140011072158813, -0.07274442911148071, 0.3824418177684088, 1791402880787149268, 
-0.19452083110809326, 0.10721653699874878, 0.41369313421092113, 1791402880816711101, 
0.04641115665435791, 0.08779650926589966, 0.44067787912493445, 1791402880843982791, 
-0.40096163749694824, -0.15061360597610474, 0.3873426928555781, 1791402880874747941, 
0.19718831777572632, 0.06763744354248047, 0.4004507877679387, 1791402880904071688, 
-0.3380361795425415, 0.16906386613845825, 0.38985367704445173, 1791402880934069648, 
0.3499652147293091, -0.02179849147796631, 0.39608969904474156, 1791402880963955826, 
0.05608934164047241, -0.21280771493911743, 0.41734987096876386, 1791402880994533685, 
0.16492444276809692, 0.17551636695861816, 0.37771308554264393, 1791402881026534440, 
-0.0953935980796814, 0.21097642183303833, 0.42030711580300834, 1791402881063754193, 
-0.10315060615539551, -0.010106325149536133, 0.39594200056102064, 1791402881093728553, 
-0.015028893947601318, -0.06109875440597534, 0.39015089651377977, 1791402881123844472, 
0.12637025117874146, 0.1263260841369629, 0.4117847786872566, 1791402881153452449, 
-0.23204749822616577, 0.1274389624595642, 0.37866515715409577, 1791402881186272207, 
-0.10491311550140381, -0.03288072347640991, 0.4599346982076523, 1791402881213557997, 
0.2663124203681946, -0.15045297145843506, 0.42110426480889396, 1791402881243494703, 
-0.029162049293518066, 0.325070321559906, 0.40444487219538316, 1791402881273446297, 
0.22531849145889282, -0.08146357536315918, 0.3986916363660267, 1791402881303509100, 
-0.2010985016822815, -0.12180769443511963, 0.4003520363223393, 1791402881333317454, 
0.08444809913635254, -0.06168323755264282, 0.40044107703141596, 1791402881363448698, 
-0.25206518173217773, 0.3377772569656372, 0.3784671389453862, 1791402881394473717, 
-0.33775413036346436, -0.09601902961730957, 0.40602001113612973, 1791402881433130241, 
-0.2502652406692505, -0.2883329391479492, 0.4143089143335874, 1791402881463059915, 
0.18117398023605347, 0.3653296232223511, 0.39150096584276783, 1791402881493079284, 
-0.024179697036743164, 0.22572088241577148, 0.3643007411517065, 1791402881522956146, 
0.0022256970405578613, -0.19204938411712646, 0.3709566863312508, 1791402881554785730, 
0.06775319576263428, -0.22185862064361572, 0.40670656548546824, 1791402881586280987, 
-0.10710835456848145, 0.34304749965667725, 0.4557842019486297, 1791402881623169321, 
-0.7289779186248779, -0.075070321559906, 0.4249127327999507, 1791402881652728434, 
-0.8793755769729614, -0.43843144178390503, 0.3652735000134204, 1791402881683187839, 
-1.3419365882873535, -0.0784156322479248, 0.19420585641644197, 1791402881714489299, 
-0.6837921142578125, -0.16083264350891113, 0.13872124048199652, 1791402881745368761, 
-0.937731921672821, -0.1965053677558899, 0.11227385160840431, 1791402881782462269, 
-0.2364245057106018, -0.1507875919342041, 0.04734276931597638, 1791402881812392754, 
-0.012604355812072754, 0.12513834238052368, -0.02169818609684003, 1791402881842505842, 
0.1401793360710144, -0.19295352697372437, -0.03595423707996573, 1791402881874874246, 
0.07957154512405396, -0.1907869577407837, -0.03388415725313245, 1791402881903891795, 
0.29759764671325684, 0.0688554048538208, -0.00671406140480228, 1791402881942291707, 
-0.07709568738937378, 0.0222741961479187, 0.016836213981773342, 1791402881972189217, 
-0.0994715690612793, 0.008256673812866211, -0.010175732691494813, 1791402882003061510, 
-0.07140552997589111, -0.17099398374557495, -0.0012069751541798957, 1791402882034416017, 
0.5806183815002441, 0.1477687954902649, 0.03710680795307718, 1791402882062014861, 
1.4627023935317993, 0.3613249659538269, 0.19527339274557778, 1791402882091936576, 
0.47942250967025757, 0.040372252464294434, 0.21693902771777696, 1791402882122114117, 
1.0262147188186646, -0.6482325196266174, 0.2437579610460301, 1791402882151779165, 
0.2896500825881958, 0.22640079259872437, 0.31058028761688555, 1791402882181774696, 
0.2772982120513916, 0.3317941427230835, 0.3442451273563791, 1791402882212231499, 
0.4969702363014221, 0.07579278945922852, 0.40562555268174716, 1791402882240799514, 
-0.15228503942489624, -0.10497355461120605, 0.38731700022058924, 1791402882274750522, 
-0.02520376443862915, -0.1499963402748108, 0.47325022438014, 1791402882301580296, 
-0.2542858123779297, 0.43185532093048096, 0.4364798927367755, 1791402882331546721, 
0.03167462348937988, -0.15032178163528442, 0.37070994438458066, 1791402882355175502, 
-0.3791818618774414, 0.000102996826171875, 0.4833410046993219, 1791402882381459947, 
0.31951308250427246, -0.07520002126693726, 0.3913090834450024, 1791402882411340925, 
-0.38047629594802856, 0.019707858562469482, 0.3700109944413711, 1791402882441327093, 
0.025991737842559814, 0.15357130765914917, 0.39937641677885355, 1791402882471206954, 
0.16504335403442383, -0.10381382703781128, 0.40755280379771586, 1791402882501333934, 
-0.13380002975463867, 4.649162292480469e-06, 0.4000256205575282, 1791402882531152023, 
-0.5636488199234009, 0.14723271131515503, 0.38704158933351634, 1791402882561805755, 
0.1283016800880432, 0.08539754152297974, 0.36580288253335663, 1791402882594498283, 
-0.37869489192962646, 0.03920382261276245, 0.4418854380081917, 1791402882630908855, 
-0.03304034471511841, 0.02342832088470459, 0.39970346514817795, 1791402882660911486, 
-0.062172532081604004, 0.014352142810821533, 0.39747582378876833, 1791402882690854693, 
0.25231778621673584, -0.1483607292175293, 0.382037570840769, 1791402882721802658, 
0.0940902829170227, 0.12821823358535767, 0.38039899396714966, 1791402882753605611, 
0.11800432205200195, 0.0761060118675232, 0.4680906972101957, 1791402882780106449, 
-0.0065503716468811035, 0.006813108921051025, 0.39797406864411794, 1791402882810585353, 
-0.03341400623321533, -0.21402758359909058, 0.3746405754591686, 1791402882831986829, 
-0.27871161699295044, 0.20123863220214844, 0.42495789401725015, 1791402882860755479, 
-0.005107223987579346, 0.15003353357315063, 0.4092534992573907, 1791402882890565566, 
-0.29232048988342285, -0.16068601608276367, 0.4137354339018977, 1791402882920565372, 
-0.06682652235031128, -0.04179590940475464, 0.3913459802169771, 1791402882950653966, 
-0.3847488760948181, 0.28403955698013306, 0.3888953600718571, 1791402882980524098, 
0.44531500339508057, 0.06589895486831665, 0.3850295226521566, 1791402883010785107, 
-0.2000635862350464, 0.0038727521896362305, 0.3882136999164266, 1791402883050458015, 
0.4550817608833313, 0.07111126184463501, 0.40236188423131697, 1791402883080338428, 
-0.2563202977180481, -0.15154868364334106, 0.4195001295435315, 1791402883110201760, 
0.1983998417854309, 0.02442920207977295, 0.41622712713745347, 1791402883140019651, 
-0.08838164806365967, 0.20429331064224243, 0.36808764165319346, 1791402883170766756, 
-0.3606228828430176, -0.16844111680984497, 0.35291298584971287, 1791402883202907397, 
0.05586874485015869, 0.05911576747894287, 0.4406380926746868, 1791402883239854466, 
-0.20897126197814941, 0.10535216331481934, 0.40493489290774287, 1791402883269850922, 
0.03490549325942993, 0.007388710975646973, 0.4061867236924158, 1791402883299725691, 
-0.14279693365097046, -0.004163026809692383, 0.422883429265974, 1791402883329415414, 
0.03243285417556763, -0.0807654857635498, 0.35689349354428757, 1791402883363105679, 
-0.08170807361602783, 0.33004647493362427, 0.4440776865179017, 1791402883390433883, 
0.1616654396057129, -0.1236373782157898, 0.4267178076074453, 1791402883420195255, 
0.07032012939453125, -0.027944445610046387, 0.4344544949320149, 1791402883450005535, 
-0.14998948574066162, -0.03944438695907593, 0.401711723254211, 1791402883480014351, 
0.19543558359146118, 0.11141431331634521, 0.4130051717384016, 1791402883509977311, 
-0.19472897052764893, -0.19285058975219727, 0.40477779990518425, 1791402883540003187, 
0.5846721529960632, 0.16937392950057983, 0.3873012639197285, 1791402883570411169, 
-0.07543694972991943, 0.3346009850502014, 0.3505124816256384, 1791402883602844533, 
-0.28833603858947754, -0.17024898529052734, 0.4236176486246762, 1791402883639371857, 
-0.011564373970031738, 0.1613863706588745, 0.4109275762707833, 1791402883669223971, 
-0.42992132902145386, 0.0407986044883728, 0.41030591004077027, 1791402883699041880, 
0.20591378211975098, -0.06121349334716797, 0.37372040639370463, 1791402883731912101, 
-0.2657870054244995, -0.10994559526443481, 0.40212453431096096, 1791402883761675996, 
0.29382991790771484, 0.21572136878967285, 0.4234091852897564, 1791402883798880030, 
0.05415886640548706, -0.18816864490509033, 0.40253146037184684, 1791402883829014262, 
0.1627422571182251, -0.07232397794723511, 0.42795753777669937, 1791402883857852700, 
-0.06621688604354858, 0.22889435291290283, 0.36710738936993315, 1791402883890602901, 
0.12863105535507202, 0.08235955238342285, 0.41424466195863074, 1791402883919024359, 
0.036776840686798096, -0.21081793308258057, 0.3990407835806585, 1791402883948611486, 
0.09662061929702759, 0.16233950853347778, 0.38860430139213165, 1791402883978734671, 
-0.17704957723617554, 0.13351178169250488, 0.3978674865847342, 1791402884008525459, 
-0.25249457359313965, -0.027582526206970215, 0.40903036928719266, 1791402884038549008, 
0.5711004137992859, -0.09078246355056763, 0.4251627611916244, 1791402884068381609, 
-0.4560522437095642, 0.07544809579849243, 0.4369982767586346, 1791402884098568075, 
0.2789151072502136, 0.09972876310348511, 0.39834654020472127, 1791402884130474187, 
-0.05194509029388428, -0.11331045627593994, 0.3996209624980505, 1791402884158250309, 
-0.26193439960479736, 0.08147746324539185, 0.37162631440474914, 1791402884188275173, 
-0.2776371240615845, -0.07031518220901489, 0.40918560125440107, 1791402884218064048, 
-0.3072688579559326, -0.007603049278259277, 0.41674664195609157, 1791402884248071854, 
0.19468438625335693, 0.1676483154296875, 0.39389676275876956, 1791402884278367239, 
-0.3097245693206787, -0.0359879732131958, 0.39750289595018246, 1791402884307935461, 
0.1348392367362976, -0.13255304098129272, 0.3834210869708096, 1791402884338453165, 
-0.23175495862960815, 0.017421364784240723, 0.35573880749249165, 1791402884371343759, 
0.16588449478149414, 0.1160968542098999, 0.4695726245739136, 1791402884407770904, 
-0.0013544559478759766, 0.060059189796447754, 0.4175636375305712, 1791402884437724873, 
-0.20130258798599243, -0.1804935336112976, 0.40801461432303965, 1791402884466801626, 
-0.12223309278488159, 0.1565796136856079, 0.37006900109352125, 1791402884498875622, 
-0.27126848697662354, -0.07820838689804077, 0.4021231906380452, 1791402884530638704, 
0.4624903202056885, -0.021669745445251465, 0.44815376060484774, 1791402884557619143, 
-0.41137051582336426, 0.08373832702636719, 0.38968053698802896, 1791402884587425406, 
-0.38901203870773315, -0.14335596561431885, 0.40326648790045505, 1791402884617345712, 
-0.1685088872909546, 0.07431095838546753, 0.3920026521666907, 1791402884647326339, 
-1.2700258493423462, -0.0627707839012146, 0.3634351921976055, 1791402884677359683, 
-0.9847385883331299, -0.021729588508605957, 0.26094515436905114, 1791402884707223418, 
-0.5385072231292725, -0.3378215432167053, 0.19831830669513675, 1791402884738383905, 
0.8259642124176025, 0.12375426292419434, 0.2027283630104536, 1791402884770848727, 
1.6056653261184692, 0.4027354121208191, 0.3540671282330713, 1791402884797164849, 
0.6817405223846436, 0.1987447738647461, 0.41600225951093484, 1791402884836988183, 
0.2918044924736023, -0.1207197904586792, 0.4283879219807732, 1791402884867106602, 
-0.43767762184143066, -0.11455434560775757, 0.38367514033117506, 1791402884898494619, 
-0.9831438064575195, 0.2669376730918884, 0.39219532553573355, 1791402884929727117, 
0.41633695363998413, -0.023129701614379883, 0.44765748605017025, 1791402884956751780, 
-0.4207373261451721, -0.2620096206665039, 0.4007811151539301, 1791402884986717234, 
-0.18540841341018677, 0.1066439151763916, 0.35441784849576435, 1791402885009339255, 
-0.1381128430366516, 0.3375345468521118, 0.4194308233151993, 1791402885046586083, 
0.07356739044189453, -0.49314451217651367, 0.38258740043778094, 1791402885076556417, 
-0.08912378549575806, 0.30205053091049194, 0.3750733945133079, 1791402885106409007, 
-0.059436678886413574, 0.12107843160629272, 0.3693731067962863, 1791402885139767989, 
-0.004175841808319092, -0.20742374658584595, 0.4555904144087459, 1791402885176592547, 
-0.13213592767715454, 0.038094520568847656, 0.3963167031332394, 1791402885206311612, 
-0.12192028760910034, 0.2173992395401001, 0.4021731116664832, 1791402885236261153, 
0.09725391864776611, 0.01738870143890381, 0.3833396922497962, 1791402885267505085, 
0.043599605560302734, 0.011102557182312012, 0.41342105805023005, 1791402885306153688, 
-0.1434827446937561, -0.03563392162322998, 0.41149088588959376, 1791402885336094335, 
-0.19082319736480713, -0.019997060298919678, 0.4155596387244353, 1791402885366088878, 
-0.18666493892669678, 0.24018597602844238, 0.41226418177996843, 1791402885396050565, 
-0.2787836194038391, 0.011833250522613525, 0.3958673434000952, 1791402885426520853, 
0.10080111026763916, 0.023196637630462646, 0.37553351516657996, 1791402885458902891, 
0.3310297727584839, -0.10524171590805054, 0.4837290687065037, 1791402885484935909, 
-0.06621843576431274, 0.1508101224899292, 0.3910554429310085, 1791402885515994950, 
-0.15590888261795044, -0.18176919221878052, 0.4251737995104905, 1791402885544874274, 
0.6713292598724365, 0.075583815574646, 0.36929165540065245, 1791402885575691128, 
-0.4820052981376648, 0.2319883108139038, 0.37666184541828607, 1791402885605602001, 
0.8289873600006104, -0.15592330694198608, 0.37715513141172735, 1791402885636056104, 
-0.27073144912719727, 0.055329859256744385, 0.3993900935905987, 1791402885666458130, 
0.2951081395149231, 0.15947294235229492, 0.3766381222205859, 1791402885698650977, 
-0.052727341651916504, -0.11527657508850098, 0.4619590990986082, 1791402885725547398, 
0.06594866514205933, -0.11508810520172119, 0.38491167402626064, 1791402885747090607, 
0.058473289012908936, 0.3191397190093994, 0.37022651643038385, 1791402885779222889, 
-0.17649996280670166, 0.09955459833145142, 0.4520412277209698, 1791402885805389896, 
0.3307095766067505, -0.2881482243537903, 0.4118957787690795, 1791402885835366940, 
-0.08670103549957275, 0.017708659172058105, 0.4165626408910396, 1791402885865312328, 
0.05871862173080444, 0.20688259601593018, 0.39623976934707705, 1791402885895340680, 
-0.4777366518974304, -0.09506714344024658, 0.38755067108805047, 1791402885925238349, 
0.3809121251106262, 0.06671887636184692, 0.3886128183665899, 1791402885955313492, 
-0.10819339752197266, 0.25587671995162964, 0.3700533948446041, 1791402885986787356, 
-0.3473427891731262, -0.11855429410934448, 0.3826387673140176, 1791402886017651119, 
0.31862884759902954, -0.05248004198074341, 0.4616748366148414, 1791402886045202278, 
-0.3486698865890503, 0.2252204418182373, 0.41812804936415526, 1791402886075428083, 
-0.08888858556747437, -0.033540189266204834, 0.36944598895360575, 1791402886097515934, 
-0.08460593223571777, -0.20969563722610474, 0.3957393768364682, 1791402886135355161, 
-0.30064713954925537, 0.34273141622543335, 0.3692260152070991, 1791402886165273463, 
-0.9489165544509888, -0.17394953966140747, 0.3118098638955374, 1791402886195182694, 
-1.403056263923645, -0.22424781322479248, 0.20063684442797602, 1791402886227199096, 
-0.9147725701332092, -0.22622543573379517, 0.18763826828342556, 1791402886254636758, 
-0.5623210668563843, 0.028242111206054688, 0.11521468304713632, 1791402886285088572, 
-0.9036591649055481, -0.0041599273681640625, 0.06144738501502046, 1791402886315243301, 
-0.00043207406997680664, -0.12151992321014404, 0.03647828283521501, 1791402886345327550, 
2.239978551864624, 0.4984031915664673, 0.02018618652184758, 1791402886374500873, 
0.7678511142730713, -0.013395905494689941, 0.1253824007361667, 1791402886405074160, 
0.8265717029571533, 0.10718649625778198, 0.26522987232363243, 1791402886434618600, 
0.8798258304595947, -0.16399532556533813, 0.27540303476938127, 1791402886466603517, 
1.0316370725631714, 0.03041321039199829, 0.3213613712910787, 1791402886494124199, 
-0.29034358263015747, 0.24426984786987305, 0.34642465485488605, 1791402886524022271, 
0.41774171590805054, 0.4849763512611389, 0.37043377209433886, 1791402886545953353, 
0.02932572364807129, -0.29577624797821045, 0.47129865717881697, 1791402886583908577, 
-0.34853750467300415, -0.10567659139633179, 0.4314717625344214, 1791402886613865206, 
-0.34496474266052246, 0.43694549798965454, 0.43000144473783897, 1791402886643740983, 
-0.04110008478164673, -0.16702502965927124, 0.3965999590764186, 1791402886674983881, 
-0.20987015962600708, -0.030043184757232666, 0.34996758106762804, 1791402886706735087, 
0.30200862884521484, 0.007225394248962402, 0.41699235238492116, 1791402886743612881, 
0.10950863361358643, -0.03665721416473389, 0.4218585765315468, 1791402886773622394, 
0.013601720333099365, 0.2443537712097168, 0.4074050567988927, 1791402886803763116, 
0.0844462513923645, 0.12905579805374146, 0.3851791617635976, 1791402886834910017, 
-0.05187022686004639, -0.3632391691207886, 0.3727222159342408, 1791402886867112380, 
0.09412968158721924, 0.15619587898254395, 0.45501742193845485, 1791402886903320103, 
-0.28655296564102173, -0.05378180742263794, 0.4128732239710337, 1791402886933430219, 
-0.49748510122299194, -0.07574313879013062, 0.4131082273024188, 1791402886963151316, 
-1.1282624006271362, -0.09147590398788452, 0.30880373726499016, 1791402886995102176, 
-1.1071679592132568, -0.22032147645950317, 0.20742009611246875, 1791402887025945011, 
-0.9090629816055298, -0.18830019235610962, 0.1881215401240023, 1791402887063003373, 
-0.5107812285423279, 0.16342633962631226, 0.10677255494071645, 1791402887092944058, 
-0.46484440565109253, -0.3195744752883911, 0.05209953813750653, 1791402887123395325, 
-0.17978531122207642, -0.1625106930732727, -0.01310566098117637, 1791402887155430695, 
-0.011847376823425293, 0.06886303424835205, -0.019033495085869895, 1791402887185603556, 
0.09225869178771973, 0.07070112228393555, -0.02630302804639579, 1791402887222660687, 
0.026590287685394287, -0.07294255495071411, 0.0006790151047104792, 1791402887252769572, 
-0.07180243730545044, -0.03405928611755371, 0.006397610253984141, 1791402887283282935, 
-0.025495707988739014, -0.09298902750015259, 0.0001387845302068402, 1791402887315499642, 
0.02236872911453247, -0.024737060070037842, -0.006687376310180899, 1791402887342621926, 
0.010473370552062988, 0.019491255283355713, 0.004060339579150998, 1791402887372392995, 
-0.09178006649017334, 0.0066890716552734375, 0.0013833122262689524, 1791402887402382654, 
0.002633392810821533, -0.027221739292144775, -0.002858213453224914, 1791402887432411827, 
0.7418264150619507, 0.08860349655151367, 0.011380226357331996, 1791402887462208718, 
1.5450923442840576, 0.06622767448425293, 0.14759944304026718, 1791402887492418119, 
1.0036513805389404, 0.2970195412635803, 0.2108988241973295, 1791402887523131220, 
0.9319766163825989, 0.02020019292831421, 0.21306631510923288, 1791402887554616058, 
0.06412005424499512, -0.025463223457336426, 0.28580932287213023, 1791402887582154378, 
0.03624826669692993, 0.16059935092926025, 0.31830695955448673, 1791402887612026881, 
1.1083539724349976, 0.02229917049407959, 0.31643047250321665, 1791402887635264435, 
-0.28293317556381226, 0.10910123586654663, 0.43952672201629334, 1791402887671902209, 
-0.38795310258865356, 0.10665994882583618, 0.4504153902402809, 1791402887700800343, 
-0.11910927295684814, 0.029161572456359863, 0.4254636349170243, 1791402887730794284, 
-0.4915335178375244, -0.08082568645477295, 0.3917071776801539, 1791402887763280253, 
0.10279130935668945, 0.02262592315673828, 0.3951016956446048, 1791402887795334975, 
-0.22999215126037598, 0.05086022615432739, 0.4514944960197938, 1791402887821790987, 
0.15676897764205933, -0.04054826498031616, 0.3919333569620183, 1791402887850883691, 
-0.236890971660614, 0.12595397233963013, 0.38383311090791317, 1791402887881548651, 
0.12087094783782959, -0.008666455745697021, 0.3968058888758786, 1791402887911504988, 
-0.22800612449645996, 0.12714380025863647, 0.39556621609224524, 1791402887941391683, 
0.05829918384552002, -0.19002485275268555, 0.4070654785989796, 1791402887971321223, 
-0.21325761079788208, -0.21072709560394287, 0.38487786079477576, 1791402888003193631, 
0.17011594772338867, 0.5641781091690063, 0.3652382617813151, 1791402888034239556, 
-0.15340501070022583, -0.09905767440795898, 0.4281979179949536, 1791402888061237452, 
0.4810594916343689, -0.08790111541748047, 0.39076744470931774, 1791402888091166950, 
-0.04354280233383179, 0.26809078454971313, 0.34930981302072445, 1791402888113588475, 
-0.11835640668869019, -0.27486807107925415, 0.410751371407986, 1791402888151029150, 
0.31133121252059937, 0.040293991565704346, 0.3816882578363447, 1791402888179983786, 
-0.37466710805892944, 0.23785501718521118, 0.36476882296076546, 1791402888211234826, 
0.2765807509422302, -0.09137749671936035, 0.41442564454216274, 1791402888242871676, 
-0.2860816717147827, 0.2335575819015503, 0.44735495615082493, 1791402888273512657, 
-0.007047414779663086, 0.06229746341705322, 0.45712022837157873, 1791402888309803728, 
-0.29775434732437134, -0.3436806797981262, 0.37161877924588255, 1791402888340753800, 
0.5650379657745361, 0.6042060256004333, 0.37752064885037284, 1791402888370646275, 
-0.1805395483970642, -0.1287626028060913, 0.3574877151738711, 1791402888403539546, 
0.3186885118484497, -0.03596395254135132, 0.43816915380247484, 1791402888440486944, 
-0.0013919472694396973, 0.3581088185310364, 0.40289421551353904, 1791402888470463754, 
-0.2478434443473816, -0.28659653663635254, 0.38729930881095465, 1791402888500603936, 
0.381309449672699, 0.1280469298362732, 0.39020310230408684, 1791402888531075733, 
-0.5325764417648315, 0.25182318687438965, 0.3987960851345863, 1791402888563018197, 
0.6196935176849365, -0.29448360204696655, 0.4547120660537043, 1791402888600202981, 
-0.03004986047744751, 0.13989520072937012, 0.38893598559042264, 1791402888630161019, 
-0.15201395750045776, 0.04132819175720215, 0.3808712951882426, 1791402888660629928, 
-0.036017000675201416, -0.08148723840713501, 0.38669081562034785, 1791402888690692952, 
-0.07382464408874512, 0.3790475130081177, 0.3566373453905828, 1791402888722357552, 
-0.1724790334701538, -0.21093690395355225, 0.4238999954566434, 1791402888760149647, 
-0.4311186671257019, 0.040714919567108154, 0.4238304126980498, 1791402888788992536, 
0.14365410804748535, 0.24587255716323853, 0.3980935988249495, 1791402888820594831, 
-0.06998848915100098, -0.07168495655059814, 0.3773679382188349, 1791402888851403773, 
0.020714104175567627, -0.08894431591033936, 0.37220629173845204, 1791402888882895323, 
0.14987784624099731, 0.12923216819763184, 0.44278854395053147, 1791402888919636478, 
-0.4986974000930786, 0.258849561214447, 0.383668660319159, 1791402888949845722, 
0.44331467151641846, -0.26350176334381104, 0.4012630293265154, 1791402888979526105, 
-0.48065638542175293, -0.18653303384780884, 0.3807982529349422, 1791402889010628917, 
0.24652427434921265, 0.47271329164505005, 0.3418208851753313, 1791402889043380528, 
-0.348804771900177, 0.02509981393814087, 0.4472036457463394, 1791402889079335409, 
0.3163034915924072, -0.11183196306228638, 0.42510263162506473, 1791402889109430766, 
-0.060934484004974365, 0.06658339500427246, 0.4202758776866656, 1791402889139409489, 
0.2359405755996704, 0.12126004695892334, 0.3843874657531549, 1791402889171406461, 
-0.3291977047920227, -0.0022521018981933594, 0.4027118941928307, 1791402889200814664, 
0.28728538751602173, 0.13307839632034302, 0.4177672493547584, 1791402889239083943, 
-0.09837538003921509, 0.1285739541053772, 0.41119344143815295, 1791402889269024036, 
-0.12359499931335449, 0.036652445793151855, 0.4049413462268632, 1791402889299376224, 
-0.09737491607666016, 0.03965556621551514, 0.39427829318034324, 1791402889330768887, 
-0.087399423122406, 0.14370959997177124, 0.4013295603502, 1791402889361263584, 
-0.2318791151046753, -0.046610236167907715, 0.43615616313533917, 1791402889388782401, 
0.3845823407173157, 0.19657397270202637, 0.43172720755201416, 1791402889418744905, 
-0.25758278369903564, -0.11635446548461914, 0.3958475952762504, 1791402889448879501, 
0.5625975131988525, 0.1994900107383728, 0.4127342309114485, 1791402889477800734, 
-0.23016095161437988, -0.0010562539100646973, 0.41319738516030546, 1791402889508700166, 
0.23084604740142822, -0.09894049167633057, 0.4049625732538282, 1791402889538654367, 
0.10666859149932861, 0.3432108759880066, 0.3584818010492352, 1791402889570758808, 
0.026506006717681885, 0.029751360416412354, 0.4208533118023576, 1791402889598674120, 
-0.307158887386322, 0.12331271171569824, 0.40144030036328077, 1791402889628490653, 
-0.09143280982971191, 0.09701007604598999, 0.4184236083234121, 1791402889658373608, 
-0.09901922941207886, -0.16349869966506958, 0.4172638730025114, 1791402889688404179, 
-0.044966697692871094, 0.1947695016860962, 0.3933419473755565, 1791402889718545321, 
0.3663223385810852, 0.015568375587463379, 0.40194994452629923, 1791402889748351788, 
-0.15289407968521118, -0.014557898044586182, 0.38665007017342035, 1791402889778693559, 
-0.39959847927093506, 0.10880637168884277, 0.34604438562029377, 1791402889811564986, 
0.41048866510391235, 0.011388838291168213, 0.4172585928637568, 1791402889847965059, 
-0.43841999769210815, 0.1416967511177063, 0.3948421999048713, 1791402889877911687, 
0.3319856524467468, 0.02178370952606201, 0.39898306761570224, 1791402889907898330, 
-0.50750732421875, -0.13194209337234497, 0.405000954618331, 1791402889939319532, 
0.5153499245643616, 0.030968785285949707, 0.3867853724868215, 1791402889971204465, 
-0.25491875410079956, -0.05470150709152222, 0.4552241605548378, 1791402889997751253, 
0.6224408745765686, 0.0838889479637146, 0.388844137733273, 1791402890027648114, 
-0.16732585430145264, 0.26879823207855225, 0.389248357202968, 1791402890057592576, 
-0.3200222849845886, -0.17349404096603394, 0.39418131835356884, 1791402890087541639, 
-0.05765354633331299, -0.016502201557159424, 0.40440605838996896, 1791402890117544550, 
-0.13318288326263428, 0.35432225465774536, 0.39429274541262976, 1791402890147489290, 
0.10711467266082764, -0.24729138612747192, 0.3645830018792217, 1791402890178911553, 
0.20794892311096191, 0.3046932816505432, 0.38876269465338503, 1791402890210071597, 
-0.5724203586578369, 0.08413451910018921, 0.4589852375775854, 1791402890237678842, 
0.363319456577301, -0.23904532194137573, 0.43704961290302224, 1791402890267203181, 
-0.37152099609375, 0.5204520225524902, 0.41295392401616804, 1791402890297156630, 
0.39899736642837524, -0.44677430391311646, 0.40072316251199597, 1791402890327199771, 
0.3059731125831604, 0.05776011943817139, 0.4115419475814937, 1791402890356313602, 
-0.1290956735610962, 0.6075361371040344, 0.39879359052663327, 1791402890387173294, 
-0.020161092281341553, -0.39807701110839844, 0.37508196362245094, 1791402890419046438, 
-0.32552671432495117, 0.03772568702697754, 0.4121341697392535, 1791402890449697944, 
0.04210406541824341, 0.06669116020202637, 0.4750741729750914, 1791402890477057225, 
-0.07342910766601562, 0.020621955394744873, 0.4060961741143225, 1791402890506848460, 
0.2869008183479309, 0.07138979434967041, 0.3294656291303622, 1791402890529605338, 
-0.3959696292877197, -0.20927566289901733, 0.42874639455256164, 1791402890566743154, 
0.10920685529708862, -0.04056590795516968, 0.4118068548663126, 1791402890596791693, 
0.04063493013381958, 0.199576735496521, 0.3858439428153124, 1791402890626773915, 
-0.3544970154762268, -0.1788041591644287, 0.3541486268037262, 1791402890659079297, 
0.0026192665100097656, 0.138292133808136, 0.4136102224606774, 1791402890686714150, 
-0.31081557273864746, 0.3401672840118408, 0.3936044213260707, 1791402890716509361, 
0.1395365595817566, -0.17008185386657715, 0.4166468946877856, 1791402890746374737, 
0.3206847310066223, -0.04909557104110718, 0.406963972831632, 1791402890776518157, 
-0.30321204662323, 0.20768868923187256, 0.3979913807585939, 1791402890806511444, 
-0.26166701316833496, -0.280842125415802, 0.38424484686244087, 1791402890836272053, 
0.00708848237991333, 0.15333735942840576, 0.3667853177770919, 1791402890867043073, 
0.023993611335754395, 0.03219401836395264, 0.37445772041285735, 1791402890899197351, 
0.18137586116790771, 0.03380471467971802, 0.449226025886689, 1791402890926247039, 
-0.2772302031517029, 0.08675611019134521, 0.40339332398848027, 1791402890955972868, 
-1.6487224102020264, -0.2693853974342346, 0.3040386570818005, 1791402890979364424, 
-1.4120367765426636, -0.13612401485443115, 0.27810304282904874, 1791402891015940658, 
-0.48354125022888184, -0.11957764625549316, 0.20826492423532195, 1791402891044844563, 
-0.8199558854103088, -0.011953532695770264, 0.17251928534287153, 1791402891076069441, 
-0.6319666504859924, -0.0686601996421814, 0.1196713147580114, 1791402891105834608, 
0.08056032657623291, -0.22366482019424438, 0.06755949520355138, 1791402891138924401, 
0.7411065101623535, 0.197889506816864, 0.06781666583886832, 1791402891165921511, 
1.9587279558181763, 0.3088272213935852, 0.15444188096466946, 1791402891195785989, 
0.9117122292518616, -0.3012363910675049, 0.2788514249919002, 1791402891225672988, 
1.0001553297042847, 0.13748639822006226, 0.2866260996514093, 1791402891255766112, 
0.7772523164749146, 0.26445817947387695, 0.3035356680854015, 1791402891285708511, 
0.8958675861358643, 0.09215635061264038, 0.3667168151294533, 1791402891315651028, 
-0.26632678508758545, -0.05304574966430664, 0.37025674974199535, 1791402891347390212, 
0.2871343493461609, 0.004862427711486816, 0.38216935369705946, 1791402891377920259, 
-0.021717548370361328, 0.17529714107513428, 0.44310045231613554, 1791402891405703027, 
-0.7033770084381104, 0.27942609786987305, 0.4119990862726266, 1791402891436010476, 
0.14225363731384277, -0.4280136227607727, 0.43396653692081805, 1791402891465471663, 
-0.2525891661643982, 0.22583043575286865, 0.4085112034405015, 1791402891495722361, 
-0.059594571590423584, 0.3788309097290039, 0.4034218569400916, 1791402891525439432, 
0.18047964572906494, -0.3585091233253479, 0.39867359561079624, 1791402891555476336, 
-0.01046288013458252, 0.3516184091567993, 0.38974492326409377, 1791402891587185610, 
0.0288926362991333, 0.08294999599456787, 0.40027265743036, 1791402891617568584, 
-0.026891350746154785, -0.18309921026229858, 0.43936521574948967, 1791402891645358868, 
-0.45319974422454834, 0.22511667013168335, 0.41355965011429646, 1791402891675525791, 
0.19531571865081787, -0.046459734439849854, 0.42999603255365015, 1791402891704670574, 
-0.2160758376121521, -0.08714908361434937, 0.4173121098683375, 1791402891734830394, 
0.6952864527702332, 0.2049221396446228, 0.4072369518254235, 1791402891764523009, 
-0.10818272829055786, -0.09940505027770996, 0.3549922716689104, 1791402891795507020, 
-0.022098958492279053, 0.09928476810455322, 0.3521111686537261, 1791402891827258886, 
0.12510895729064941, 0.054287850856781006, 0.41061578757955103, 1791402891864435137, 
0.026911020278930664, -0.01772075891494751, 0.3825603908463033, 1791402891894436608, 
-0.06177288293838501, 0.07648175954818726, 0.38467298305352204, 1791402891924410816, 
-0.09202182292938232, -0.08868134021759033, 0.3887087015363608, 1791402891954948202, 
0.07799291610717773, 0.14863312244415283, 0.3883907543926836, 1791402891986574075, 
-0.38371390104293823, -0.10137718915939331, 0.43692662412437944, 1791402892024026662, 
0.6650927662849426, 0.12905031442642212, 0.37836428052275756, 1791402892054113872, 
-0.45698750019073486, -0.06158316135406494, 0.3852419066951673, 1791402892084159378, 
0.277301549911499, 0.23733139038085938, 0.37695643460151124, 1791402892115392076, 
-0.22305911779403687, 0.25589948892593384, 0.38245537338613794, 1791402892146865111, 
0.10221505165100098, -0.12718504667282104, 0.4353495643829086, 1791402892173865678, 
0.19225329160690308, -0.1612885594367981, 0.432906117539162, 1791402892203708775, 
-0.3246467709541321, -0.02882319688796997, 0.38716510578706875, 1791402892226772570, 
0.44742560386657715, -0.08775496482849121, 0.4642654241779774, 1791402892263618463, 
-0.22490757703781128, 0.4307752251625061, 0.37267412885134715, 1791402892293537807, 
0.14537447690963745, -0.2716946005821228, 0.4119162093024182, 1791402892323549302, 
-0.1814858317375183, -0.09148907661437988, 0.3948720716500672, 1791402892354912868, 
0.08747756481170654, 0.4083402156829834, 0.39162441189625885, 1791402892385801647, 
-0.2570185661315918, 0.019226431846618652, 0.40487598254606805, 1791402892423499499, 
0.431773841381073, -0.1794111728668213, 0.3875541971272955, 1791402892453259923, 
0.21705645322799683, 0.4638248085975647, 0.43923979157301685, 1791402892483223178, 
0.1267392635345459, -0.30028194189071655, 0.41471314520450775, 1791402892514161526, 
0.2960493564605713, -0.03711777925491333, 0.3901798360896086, 1791402892545434300, 
0.09839308261871338, 0.3504766821861267, 0.42437503337629295, 1791402892583033460, 
0.24911236763000488, 0.2956436276435852, 0.3830261347950004, 1791402892613070065, 
-0.4851139187812805, -0.44010525941848755, 0.3942528850175013, 1791402892643096604, 
0.06326717138290405, 0.22784453630447388, 0.389717398144163, 1791402892674875274, 
-0.1116752028465271, 0.12731724977493286, 0.40454543716422436, 1791402892705556261, 
-0.009365379810333252, -0.2418421506881714, 0.442887089705319, 1791402892732885336, 
-0.196999192237854, 0.35403746366500854, 0.3887338310276745, 1791402892763025925, 
0.3346431255340576, 0.02396392822265625, 0.40764188663903417, 1791402892792937933, 
-0.13410383462905884, -0.04089230298995972, 0.406533374973711, 1791402892822710987, 
0.18150919675827026, -0.00877690315246582, 0.4092568791699374, 1791402892851829492, 
0.21780633926391602, -0.04247349500656128, 0.3796722897947226, 1791402892883690621, 
0.22636771202087402, 0.23616629838943481, 0.3798346980089973, 1791402892914918523, 
0.16906356811523438, 0.22361141443252563, 0.4124469307399285, 1791402892941855650, 
-0.697117269039154, -0.021461188793182373, 0.3734979488310438, 1791402892972403470, 
0.2264055609703064, 0.10516661405563354, 0.3454621598086851, 1791402892995224014, 
-0.40551304817199707, 0.11897575855255127, 0.46387953833450235, 1791402893032339468, 
0.4515676498413086, -0.13426685333251953, 0.41375435982353875, 1791402893061349533, 
0.15343838930130005, 0.021171212196350098, 0.35573458954931636, 1791402893092151324, 
0.24708151817321777, 0.11024707555770874, 0.3711790857741961, 1791402893123243471, 
0.0005943775177001953, -0.017910301685333252, 0.3821434751192562, 1791402893155177231, 
-0.06594794988632202, 0.27877122163772583, 0.4536895442845591, 1791402893182115529, 
-0.19171452522277832, -0.06751137971878052, 0.39773542514580285, 1791402893211880680, 
-0.4196927547454834, -0.2811063528060913, 0.3925989079069199, 1791402893241896085, 
-0.22883081436157227, 0.3199952244758606, 0.4003549109161549, 1791402893270799975, 
-1.5175126791000366, -0.14864498376846313, 0.3033674517395764, 1791402893301765911, 
-0.4531581401824951, -0.4586412310600281, 0.2230064904465803, 1791402893331713878, 
-1.0427029132843018, 0.1284271478652954, 0.1785088108297911, 1791402893363167448, 
-0.6121181845664978, 0.0852503776550293, 0.141182069150562, 1791402893394706484, 
-0.6862916350364685, -0.20033782720565796, 0.07782396582858749, 1791402893421646417, 
-0.9062886238098145, -0.3609324097633362, 0.06082367366528316, 1791402893451485975, 
-0.14199751615524292, 0.2459660768508911, 0.01979133309445534, 1791402893481466301, 
0.15652787685394287, -0.11637252569198608, -0.045796619578923566, 1791402893511387875, 
0.29968756437301636, -0.22263604402542114, -0.05509166218759737, 1791402893541276008, 
0.18108707666397095, 0.10891997814178467, 0.00012462375971814652, 1791402893571280431, 
0.10237115621566772, 0.07169139385223389, 0.03680676817314724, 1791402893602535806, 
-0.18470585346221924, -0.19710052013397217, -0.0030316295697607495, 1791402893632515147, 
-0.07882940769195557, -0.12814277410507202, -0.019209191152995776, 1791402893671072310, 
0.07108187675476074, -0.03131633996963501, 0.004932772719050039, 1791402893701014882, 
-0.06995338201522827, -0.0315093994140625, 0.005762535024185068, 1791402893731207641, 
-0.04834240674972534, 0.009643793106079102, -0.005026808453760202, 1791402893763103919, 
-0.07437354326248169, -0.09097951650619507, 0.0011137876315091618, 1791402893790878115, 
0.038657963275909424, -0.012166619300842285, 0.0010194226216673618, 1791402893821106500, 
-0.006509006023406982, -0.019237101078033447, -0.0006746458275231492, 1791402893842928591, 
-0.0043991804122924805, -0.017146289348602295, -0.0007755570684005637, 1791402893880741043, 
0.03441429138183594, -0.015942752361297607, 0.003309517203599021, 1791402893910853328, 
-0.002133786678314209, -0.041206419467926025, -0.0009275877868927189, 1791402893940604970, 
0.9261950850486755, 0.3831537365913391, 0.03874701485501137, 1791402893971293728, 
1.3096436262130737, -0.4816586971282959, 0.16778098153220236, 1791402894003309833, 
0.7417110800743103, 0.3380110263824463, 0.18282841095257202, 1791402894030459775, 
1.0169615745544434, 0.28339993953704834, 0.22276786172462573, 1791402894060402403, 
0.2228747010231018, -0.2796596884727478, 0.21258714400395282, 1791402894083082145, 
0.9375681281089783, -0.03739804029464722, 0.2878520521660067, 1791402894119243119, 
0.3993474841117859, 0.36080402135849, 0.30641322726404846, 1791402894149400726, 
0.810019314289093, 0.18368536233901978, 0.36169166760420346, 1791402894180207627, 
0.13462400436401367, -0.10416847467422485, 0.41490073277762196, 1791402894211132391, 
-0.02913534641265869, -0.11051499843597412, 0.4105437729393937, 1791402894243181648, 
-0.4451538324356079, -0.47413140535354614, 0.4951396402407665, 1791402894279953316, 
0.2574646472930908, 0.19906139373779297, 0.44413070073900296, 1791402894309943638, 
-0.5299370884895325, 0.3521902561187744, 0.42942381828828746, 1791402894339970660, 
0.050212562084198, -0.3438326120376587, 0.3955650271470556, 1791402894370957661, 
0.1807703971862793, 0.1457146406173706, 0.3329094469608528, 1791402894403064153, 
0.38790810108184814, 0.15617430210113525, 0.3969840534123718, 1791402894439683013, 
-0.029381155967712402, 0.18885886669158936, 0.3997663162440532, 1791402894469679867, 
0.3935203552246094, 0.09023779630661011, 0.38557444313233946, 1791402894499625626, 
-0.05916827917098999, -0.12439000606536865, 0.37284647295183304, 1791402894531003473, 
0.1516769528388977, 0.1110878586769104, 0.38862255167937215, 1791402894562315834, 
-0.04182988405227661, 0.07143926620483398, 0.42620293631831124, 1791402894589602755, 
-0.238164484500885, -0.05522340536117554, 0.38748795481085063, 1791402894619441698, 
-0.28338807821273804, -0.009492039680480957, 0.33760991479045105, 1791402894642401979, 
0.5020694732666016, 0.30510056018829346, 0.4401412540223437, 1791402894678484496, 
-0.18993538618087769, 0.13422268629074097, 0.3831521955241248, 1791402894709233407, 
0.032973527908325195, -0.12337404489517212, 0.3977208402263676, 1791402894739503186, 
0.3749641180038452, -0.05907958745956421, 0.41104888418141106, 1791402894770896269, 
-0.44254714250564575, 0.32470065355300903, 0.4286013811487807, 1791402894799168213, 
0.17234152555465698, -0.26206082105636597, 0.4041629148456321, 1791402894829015264, 
-0.10018622875213623, 0.18862015008926392, 0.4035026884789071, 1791402894859269359, 
0.5823756456375122, 0.2908482551574707, 0.40678467751721975, 1791402894888920815, 
-0.1881917119026184, -0.3385937809944153, 0.4403329713516673, 1791402894917828813, 
-0.3558196425437927, 0.05393338203430176, 0.4243667934182837, 1791402894947813020, 
0.5210764408111572, 0.586546778678894, 0.38734240919334373, 1791402894979224815, 
-0.5832273960113525, -0.5132638216018677, 0.3625620424808942, 1791402895011275247, 
0.5451136231422424, -0.11249494552612305, 0.44764691302581416, 1791402895038772577, 
0.007394969463348389, 0.6041291952133179, 0.4135667911776744, 1791402895068592511, 
-0.07357752323150635, -0.5640427470207214, 0.39098293333922896, 1791402895098555052, 
-0.14429950714111328, 0.18409061431884766, 0.37408962342269403, 1791402895128670565, 
0.2707962393760681, 0.6811992526054382, 0.3915680152615108, 1791402895158404877, 
-0.20470112562179565, -0.5002810955047607, 0.4318796243753959, 1791402895188333776, 
-0.013331472873687744, -0.02343010902404785, 0.4024324382320103, 1791402895219238289, 
0.06399804353713989, 0.5237103700637817, 0.3654957146728359, 1791402895251380468, 
0.4093706011772156, -0.5080068111419678, 0.42478236309663225, 1791402895278524417, 
0.1859356164932251, 0.14696526527404785, 0.3804011939769356, 1791402895308373464, 
-0.19418084621429443, 0.40135371685028076, 0.4042457365052143, 1791402895338071386, 
0.0877525806427002, -0.30121272802352905, 0.4043326159438869, 1791402895368041405, 
-0.07494640350341797, -0.012199640274047852, 0.42156763867456215, 1791402895397996050, 
-0.021373987197875977, 0.2108263373374939, 0.42317137192579785, 1791402895427928267, 
0.6826356649398804, 0.06093120574951172, 0.3762028868779612, 1791402895460001030, 
0.04105573892593384, -0.23493343591690063, 0.38332270928453926, 1791402895491008556, 
0.24682486057281494, 0.11348754167556763, 0.429705457381201, 1791402895527744168, 
-0.2887791395187378, -0.013996124267578125, 0.40007879601650687, 1791402895557705749, 
-0.29599541425704956, 0.11231100559234619, 0.37789148324589533, 1791402895587629729, 
0.2792361378669739, 0.1778905987739563, 0.3741496509503182, 1791402895618944425, 
-0.7992768883705139, -0.25377893447875977, 0.39528824144254143, 1791402895650622070, 
-0.9432690143585205, -0.23948675394058228, 0.4600598698972399, 1791402895677536966, 
-1.5513429641723633, 0.14111047983169556, 0.28044151094384434, 1791402895707503729, 
-0.8522691130638123, -0.14430302381515503, 0.2039499527753671, 1791402895737356015, 
-0.6817724704742432, -0.14944499731063843, 0.1787499224228388, 1791402895767496797, 
-0.7012250423431396, -0.07304173707962036, 0.1694809198882064, 1791402895797264286, 
-0.8673174381256104, -0.008074939250946045, 0.10492860206632906, 1791402895827432836, 
-1.4224263429641724, -0.11012434959411621, 0.0659582303718252, 1791402895859542847, 
-0.24009770154953003, -0.31091535091400146, 0.04202128729412649, 1791402895889465231, 
0.1044122576713562, 0.027398407459259033, -0.039098217291499746, 1791402895927152030, 
0.124034583568573, -0.05442899465560913, -0.034572548946503884, 1791402895957110306, 
2.0118401050567627, 0.3393091559410095, 0.062140518350570065, 1791402895987011465, 
0.6707242131233215, 0.0277407169342041, 0.1446939796932756, 1791402896019594095, 
1.0432422161102295, -0.3241555690765381, 0.21811113695498374, 1791402896046916880, 
0.897124171257019, 0.307420551776886, 0.22008046145416407, 1791402896075831184, 
0.13898122310638428, 0.22428900003433228, 0.24472042287393914, 1791402896106761498, 
0.7877103090286255, 0.04222649335861206, 0.29004726478248416, 1791402896137036783, 
0.6709163188934326, 0.25445079803466797, 0.3568939618510861, 1791402896166767258, 
0.5401248931884766, -0.1644054651260376, 0.4010877937244585, 1791402896196598746, 
0.1899295449256897, 0.2746642231941223, 0.4149383972358532, 1791402896227509990, 
0.1749873161315918, 0.07967960834503174, 0.37741712830939966, 1791402896259085762, 
-0.4041339159011841, -0.681164026260376, 0.4516370202125471, 1791402896286596908, 
0.08663588762283325, 0.7015054225921631, 0.43265448268988727, 1791402896316364306, 
0.35896629095077515, 0.4504311680793762, 0.4206969302659685, 1791402896346276261, 
-0.40955686569213867, -0.6207693219184875, 0.3898007437849095, 1791402896376230565, 
-0.051876723766326904, 0.06775456666946411, 0.3831554386636638, 1791402896406303204, 
0.510157585144043, 0.7035292387008667, 0.3842823665089689, 1791402896436124324, 
-0.35725241899490356, -0.6053450107574463, 0.4017062375266384, 1791402896467783493, 
0.4749997854232788, 0.05935215950012207, 0.3871940408351356, 1791402896499253942, 
0.0021008849143981934, 0.46853363513946533, 0.42919830316512836, 1791402896526052944, 
-0.07975220680236816, -0.35004758834838867, 0.3941258151224118, 1791402896556025287, 
-0.4297069311141968, 0.47458016872406006, 0.34135039787883265, 1791402896579656385, 
0.04406595230102539, -0.09211093187332153, 0.43434252491300446, 1791402896606308429, 
-0.06902927160263062, -0.04084056615829468, 0.39531493283472346, 1791402896636088995, 
0.06573235988616943, -0.004579663276672363, 0.4395974485037687, 1791402896665942063, 
0.1273440718650818, 0.23104047775268555, 0.4343333565792975, 1791402896695970222, 
0.1943587064743042, -0.1772187352180481, 0.38799810787175687, 1791402896726085366, 
0.371695876121521, 0.2244659662246704, 0.38533932047792957, 1791402896756074523, 
-0.32181209325790405, 0.256752610206604, 0.35290487473423093, 1791402896787521598, 
0.4153715968132019, -0.16073709726333618, 0.3641453180346958, 1791402896818261876, 
-0.37159597873687744, -0.12540268898010254, 0.4515503854975306, 1791402896845697275, 
-0.10403549671173096, 0.3400317430496216, 0.41743179937735736, 1791402896875755253, 
0.10523808002471924, -0.23033684492111206, 0.41163484941613326, 1791402896905980318, 
-0.30820757150650024, 0.05105990171432495, 0.3865483885561428, 1791402896935974887, 
-0.06960958242416382, 0.2257639765739441, 0.3766652850461705, 1791402896965694673, 
-1.5273654460906982, -0.3318766951560974, 0.35164002385217097, 1791402896994873992, 
-0.9789471626281738, 0.16504204273223877, 0.25066588064830664, 1791402897035679569, 
-0.4958125352859497, -0.24389177560806274, 0.19377243524173624, 1791402897065567340, 
-1.2954156398773193, 0.1490079164505005, 0.1449904510258594, 1791402897095623648, 
-0.4350770115852356, -0.09338682889938354, 0.10448306539088417, 1791402897124838573, 
-0.8791112303733826, -0.20948904752731323, 0.06869873644998559, 1791402897155260920, 
-0.3718639612197876, 0.013177871704101562, 0.020337500365191778, 1791402897187311988, 
0.017135918140411377, 0.05811417102813721, -0.026038256388959017, 1791402897224718331, 
0.4085310697555542, 0.023921310901641846, -0.0252281604767745, 1791402897254650565, 
0.042490363121032715, -0.10406690835952759, -0.016804763656921136, 1791402897284714713, 
0.19863361120224, -0.07366526126861572, -0.005890717207650998, 1791402897315575681, 
-0.02284914255142212, -0.17772334814071655, 0.004018234812817892, 1791402897354469265, 
-0.051873624324798584, 0.02519160509109497, -0.0018675331124241444, 1791402897383417315, 
0.03022080659866333, 0.0128096342086792, -0.00036952356885087116, 1791402897414385692, 
0.0355677604675293, 0.04321545362472534, 0.002451787745551443, 1791402897444287852, 
1.4979370832443237, 0.455186128616333, 0.0864859619238308, 1791402897475774817, 
0.8186265826225281, -0.1543174386024475, 0.1711790330407354, 1791402897507002686, 
1.0860390663146973, -0.28310054540634155, 0.1990246017656769, 1791402897534280705, 
0.45569390058517456, 0.1290155053138733, 0.22081665748165616, 1791402897564134031, 
0.704491138458252, 0.14232265949249268, 0.24365427207732587, 1791402897594086407, 
0.4898661971092224, -0.03490900993347168, 0.2865799296283351, 1791402897623955458, 
0.5353133082389832, 0.1881122589111328, 0.32060626396648395, 1791402897654241244, 
0.7271464467048645, -0.3093731999397278, 0.3637455209561131, 1791402897684331834, 
0.5199082493782043, 0.13524430990219116, 0.3715924938204432, 1791402897715257714, 
0.11601042747497559, 0.2054005265235901, 0.3828956553300713, 1791402897747754311, 
-0.48458582162857056, 0.3938359022140503, 0.5069631040988247, 1791402897772792268, 
-0.03890019655227661, -0.3878083825111389, 0.40993682105531715, 1791402897803662577, 
-0.32442301511764526, 0.3831228017807007, 0.36350160087225675, 1791402897826725617, 
0.10992497205734253, 0.42681795358657837, 0.4594869895462146, 1791402897863539216, 
-0.7572334408760071, -0.09552532434463501, 0.37595315064454243, 1791402897893505965, 
0.1558024287223816, -0.323976993560791, 0.3558653438478374, 1791402897922843939, 
0.010208368301391602, 0.2744884490966797, 0.33463366682286566, 1791402897955543643, 
0.2669702172279358, 0.17087483406066895, 0.37120525495965756, 1791402897986057383, 
-0.07206082344055176, -0.24520403146743774, 0.4285202558886894, 1791402898013286553, 
-0.14519143104553223, -0.061762094497680664, 0.4186888147902408, 1791402898043201064, 
0.6431540846824646, -0.01915377378463745, 0.40017843081731364, 1791402898065705781, 
-0.6097182035446167, -0.33599191904067993, 0.43621327127967696, 1791402898103180267, 
0.29708391427993774, 0.007488727569580078, 0.38919939703027473, 1791402898133174227, 
-0.5002837777137756, 0.37626975774765015, 0.3731658607290873, 1791402898163437233, 
0.06208157539367676, -0.2915031313896179, 0.36858112937924414, 1791402898195670818, 
0.0282936692237854, -0.01040107011795044, 0.44029167165932576, 1791402898223244698, 
0.3518306016921997, 0.30171215534210205, 0.40094603497351794, 1791402898252835456, 
0.5551159977912903, -0.09685814380645752, 0.40163681341749136, 1791402898282758598, 
-0.27747225761413574, -0.198769211769104, 0.4001222000908039, 1791402898312753514, 
0.2401798963546753, 0.43874871730804443, 0.4135982231448164, 1791402898342685848, 
0.3573019504547119, 0.28081148862838745, 0.4117626916065469, 1791402898372617452, 
-0.4947815537452698, -0.6451712846755981, 0.38818970027876726, 1791402898403444872, 
0.5255715250968933, 0.34610599279403687, 0.36526070601972205, 1791402898435406982, 
0.079581618309021, 0.6418218612670898, 0.4521968349353587, 1791402898462526068, 
-0.22557175159454346, -0.6699676513671875, 0.4030161177876596, 1791402898492440642, 
0.4347820281982422, -0.25340700149536133, 0.4218088822837631, 1791402898522363627, 
0.05891990661621094, 0.8669404983520508, 0.4241786856777112, 1791402898552315972, 
0.026142537593841553, -0.05267345905303955, 0.40179795721707834, 1791402898582292561, 
-0.1341204047203064, -0.5891135334968567, 0.4142973557935577, 1791402898612160370, 
-0.4565587639808655, 0.6280166506767273, 0.4074627609488144, 1791402898642830007, 
0.5693630576133728, 0.3322240114212036, 0.3678198741240166, 1791402898675259687, 
-1.0343570709228516, -0.7076746225357056, 0.4185017046516767, 1791402898702230670, 
1.1194475889205933, 0.19409805536270142, 0.40700797657269894, 1791402898732002467, 
-0.3954133987426758, 0.516586184501648, 0.3935383442676104, 1791402898761881006, 
0.19671398401260376, -0.39153027534484863, 0.38326581060863796, 1791402898791870691, 
-0.27344417572021484, 0.13385742902755737, 0.37244842847987814, 1791402898820826706, 
-0.23716121912002563, 0.3194587826728821, 0.3645739000457141, 1791402898850970041, 
0.14742863178253174, 0.08986657857894897, 0.3583982653407327, 1791402898883897097, 
-0.286271333694458, -0.12244004011154175, 0.4025233397341415, 1791402898914363612, 
0.11293834447860718, -0.32249510288238525, 0.4510313964915606, 1791402898951611382, 
0.4236770272254944, 0.6262102723121643, 0.40732732076016626, 1791402898981610263, 
0.4604399800300598, 0.09354150295257568, 0.41493670944335653, 1791402899010473755, 
0.0737684965133667, -0.2547113299369812, 0.36485319637115365, 1791402899043536545, 
-0.38432765007019043, 0.07405364513397217, 0.41341817273976683, 1791402899073846052, 
0.44044405221939087, 0.5547383427619934, 0.44516308047263303, 1791402899101307319, 
-0.5510384440422058, -0.3773655891418457, 0.39266761067770645, 1791402899131364576, 
-0.23044180870056152, 0.3020157814025879, 0.37268729926612143, 1791402899152803845, 
0.06315600872039795, 0.13132619857788086, 0.45006638187302983, 1791402899181215059, 
0.10188490152359009, 0.008014023303985596, 0.36793343173889, 1791402899203495070, 
-0.023730218410491943, 0.3023771643638611, 0.4017932205177523, 1791402899241221141, 
0.047999024391174316, 0.6262050271034241, 0.37952524000273147, 1791402899271492422, 
-0.16247254610061646, 0.5351659059524536, 0.39455477595902905, 1791402899301202166, 
-0.4735689163208008, -0.8847089409828186, 0.4009789592947084, 1791402899331252717, 
-0.8376744985580444, 0.23621982336044312, 0.3906436889977076, 1791402899363499161, 
-1.3578482866287231, 0.5692404508590698, 0.3805848918641857, 1791402899400858021, 
-1.2113406658172607, -0.15096145868301392, 0.25315171996863967, 1791402899429816964, 
-0.5387453436851501, -0.39202314615249634, 0.19306768594870133, 1791402899460689100, 
-0.87247633934021, 0.07071542739868164, 0.18477713447258176, 1791402899491566725, 
-0.4824007749557495, 0.009286820888519287, 0.1347283787618774, 1791402899523276328, 
-0.09844982624053955, -0.17279988527297974, 0.09570919227578553, 1791402899549623774, 
2.169682741165161, 0.4940730929374695, 0.12179771632812993, 1791402899580526835, 
1.3619507551193237, 0.13333642482757568, 0.2170630240085143, 1791402899604452134, 
0.9680303931236267, -0.2870723009109497, 0.3071409038417829, 1791402899641044304, 
0.9730911254882812, -0.10008591413497925, 0.3190340436937934, 1791402899669808469, 
0.9335768222808838, 0.5479752421379089, 0.3197637575253355, 1791402899700780432, 
0.09178286790847778, 0.0641513466835022, 0.35923851753420527, 1791402899732044980, 
-0.3814393877983093, -0.021368086338043213, 0.40028689329599565, 1791402899763556128, 
-0.6805548071861267, 0.1335621476173401, 0.44362604372365577, 1791402899800708641, 
-0.24862200021743774, 0.09692913293838501, 0.41044956653814896, 1791402899830000075, 
-0.430806040763855, -0.07036495208740234, 0.39295500337159034, 1791402899860019906, 
-0.34434759616851807, 0.02810215950012207, 0.35712571879186716, 1791402899891508518, 
0.15370482206344604, -0.008111000061035156, 0.3640424662622601, 1791402899923374930, 
-1.0535554885864258, -0.1292182207107544, 0.4575784934942202, 1791402899949894795, 
0.5047317147254944, -0.06007647514343262, 0.40224201313306723, 1791402899980102725, 
-0.6141949892044067, 0.3267643451690674, 0.403542917735182, 1791402900009665504, 
0.5498072504997253, -0.058604300022125244, 0.41997528655938876, 1791402900039615181, 
-0.3869437575340271, -0.09446710348129272, 0.41680863429364207, 1791402900069599804, 
-0.29504942893981934, -0.19345754384994507, 0.399806968021424, 1791402900099475606, 
0.04647839069366455, 0.48503005504608154, 0.35936129494604885, 1791402900131252409, 
-0.6842135190963745, -0.09098368883132935, 0.3967485350816749, 1791402900159699596, 
-0.08476120233535767, -0.2959243059158325, 0.4270105529273276, 1791402900189333151, 
-0.789936900138855, 0.40377843379974365, 0.45801499121463474, 1791402900219327434, 
0.9298571348190308, 0.5058372020721436, 0.4126750134374295, 1791402900249377495, 
-0.7798041105270386, -0.6952160000801086, 0.3700867765131088, 1791402900279212648, 
-0.038335978984832764, -0.2105858325958252, 0.3792762722812404, 1791402900309150715, 
-0.08479517698287964, 0.9756078124046326, 0.4068147862082413, 1791402900339238939, 
0.025743424892425537, -0.16700369119644165, 0.3827491037557431, 1791402900370885033, 
-0.1691696047782898, -0.516503632068634, 0.422773143129412, 1791402900399350275, 
-0.05093961954116821, 0.3003445267677307, 0.4182172222616356, 1791402900428892156, 
0.16768687963485718, 0.5554429888725281, 0.4052064347066667, 1791402900458877242, 
-0.001953303813934326, -0.3213415741920471, 0.38926904443280025, 1791402900489014792, 
-0.4729939103126526, -0.1725195050239563, 0.3924213020864548, 1791402900518726188, 
0.3508286476135254, 0.3702039122581482, 0.41057866287358286, 1791402900547805595, 
-0.8004274368286133, -0.013065993785858154, 0.3884961174675092, 1791402900579191326, 
0.5521004796028137, -0.3126984238624573, 0.40434083811631616, 1791402900610775384, 
-0.785085141658783, 0.39496827125549316, 0.4419008700280434, 1791402900638633826, 
0.5199819207191467, 0.14768308401107788, 0.39910497729529404, 1791402900668479143, 
-0.1478046178817749, 0.06334257125854492, 0.3931129097287407, 1791402900698392834, 
-0.33476948738098145, -0.1049533486366272, 0.37813317898290794, 1791402900728408143, 
-0.12399375438690186, 0.03334248065948486, 0.3810879308848099, 1791402900758297186, 
-0.2198261022567749, 0.35286277532577515, 0.41105508917156336, 1791402900788419877, 
0.35534030199050903, -0.10024982690811157, 0.3863412725023442, 1791402900819670716, 
-0.06388503313064575, -0.10519599914550781, 0.38053066607403807, 1791402900851298388, 
0.05914407968521118, 0.11777496337890625, 0.46458072009740414, 1791402900878229648, 
-0.06064885854721069, 0.23691266775131226, 0.41113091135666613, 1791402900908053626, 
-0.5472109317779541, 0.14149236679077148, 0.3439440705933799, 1791402900931564959, 
0.17257815599441528, 0.12763339281082153, 0.45524165731424565, 1791402900967943067, 
-0.22258591651916504, 0.46646648645401, 0.42789958342238893, 1791402900997891185, 
0.37146395444869995, -0.2272629737854004, 0.4408012865600193, 1791402901026823885, 
-0.3637300133705139, -0.44118618965148926, 0.3705640841992756, 1791402901059514259, 
0.3754398226737976, 0.4956572651863098, 0.36798812307719, 1791402901090182494, 
-0.04281604290008545, 0.4800555109977722, 0.43524566687985455, 1791402901126808629, 
-0.23859494924545288, 0.6382356286048889, 0.3893062038223854, 1791402901157652778, 
-0.07879549264907837, -0.7716671824455261, 0.3942627301579962, 1791402901187568468, 
-0.5004069805145264, -0.04939168691635132, 0.3836345390136053, 1791402901219201844, 
0.7498425841331482, 0.7464282512664795, 0.4365385221083836, 1791402901248896301, 
-1.0083427429199219, -0.09498345851898193, 0.4561236560621896, 1791402901277361619, 
0.3663169741630554, -0.5615302920341492, 0.418126978748227, 1791402901307423899, 
-0.6283673048019409, 0.28321462869644165, 0.3942540382457501, 1791402901337293025, 
0.6633267402648926, 0.6469537615776062, 0.3820849427199035, 1791402901367204034, 
-0.25631916522979736, -0.3088138699531555, 0.3916171130331867, 1791402901397313062, 
0.13459432125091553, -0.25499284267425537, 0.4092449805178919, 1791402901427860519, 
-0.4317169785499573, 0.25221264362335205, 0.38132197040384375, 1791402901459967396, 
-0.02776283025741577, 0.021219372749328613, 0.4452100778404018, 1791402901487102049, 
0.2749146819114685, 0.13887834548950195, 0.3844935367099806, 1791402901517172141, 
0.06291079521179199, 0.010590136051177979, 0.398386139952809, 1791402901546917889, 
-0.12070333957672119, 0.02872365713119507, 0.39562382904800936, 1791402901576866588, 
0.13412368297576904, 0.2654845714569092, 0.4073527551843438, 1791402901606761781, 
0.17812198400497437, -0.08182007074356079, 0.386642445238136, 1791402901636776171, 
0.26490318775177, -0.04226142168045044, 0.3846786207814021, 1791402901667232855, 
-0.2774620056152344, 0.13287293910980225, 0.37362225184123676, 1791402901699338984, 
0.46143877506256104, 0.36199820041656494, 0.4440372402214587, 1791402901726646436, 
-0.37116533517837524, -0.24857264757156372, 0.4088833140274606, 1791402901756680660, 
0.27421867847442627, -0.14766323566436768, 0.4115311676664264, 1791402901786434088, 
0.041483521461486816, 0.5620203614234924, 0.4159969949701533, 1791402901816617311, 
-0.3393321633338928, -0.02939218282699585, 0.4259377695820666, 1791402901846563409, 
-0.17757147550582886, -0.5256357192993164, 0.4054252775205696, 1791402901876415589, 
0.16513901948928833, 0.37532341480255127, 0.3636998486500152, 1791402901908074506, 
0.19033282995224, 0.8669835329055786, 0.3785115951352624, 1791402901939561661, 
-0.4152960777282715, -0.6248350739479065, 0.45574915157840995, 1791402901966322067, 
-0.2681078314781189, -0.5265038013458252, 0.40729088708986677, 1791402901996327361, 
0.218001127243042, 0.6899306774139404, 0.4359499992335364, 1791402902026149346, 
0.1867748498916626, 0.38345277309417725, 0.40557306611033833, 1791402902056209629, 
-0.2610129117965698, -0.45135998725891113, 0.38709910699360817, 1791402902086201675, 
0.038388848304748535, -0.09733420610427856, 0.3926728010824618, 1791402902116253203, 
-0.1397843360900879, 0.4868096709251404, 0.38428718661109723, 1791402902147288516, 
-0.314494252204895, 0.346444308757782, 0.3772629169808089, 1791402902178522680, 
0.08651679754257202, -0.4897034168243408, 0.42248924496145474, 1791402902206161471, 
-0.14187973737716675, 0.034614741802215576, 0.4149180973046069, 1791402902236099095, 
-0.4191839098930359, 0.16387134790420532, 0.3656408578525255, 1791402902258743135, 
0.4101099371910095, -0.16730797290802002, 0.4368318617210822, 1791402902286019219, 
0.14766186475753784, 0.1726667284965515, 0.36126316646068835, 1791402902307409220, 
0.34645402431488037, 0.034146785736083984, 0.3808385786752384, 1791402902338024094, 
-0.4315796494483948, 0.31417083740234375, 0.4209953508822505, 1791402902376081288, 
-0.3603672385215759, -0.5287827253341675, 0.39988106636054954, 1791402902406018175, 
-0.12169337272644043, 0.035641491413116455, 0.39554269310644075, 1791402902436085960, 
0.09673058986663818, 0.43837064504623413, 0.39414288043878204, 1791402902467505521, 
-0.28513258695602417, -0.22080951929092407, 0.43701191108056714, 1791402902495320506, 
-0.12698054313659668, -0.28187090158462524, 0.39735580683819816, 1791402902525539601, 
0.12750524282455444, 0.4102330207824707, 0.384909347064197, 1791402902555496968, 
0.022897183895111084, 0.22382700443267822, 0.39010227343848036, 1791402902586232487, 
0.16702264547348022, 0.3444063067436218, 0.4211042365762344, 1791402902615174959, 
-0.29569464921951294, -0.07332634925842285, 0.43002359488837916, 1791402902644998432, 
-0.2694282531738281, -0.5072005391120911, 0.4030969396547928, 1791402902675971129, 
-0.02470219135284424, 0.1443132758140564, 0.3734268713991517, 1791402902707605172, 
-0.3271023631095886, 0.7368753552436829, 0.4219283507239267, 1791402902734948089, 
-0.32753127813339233, -0.30402106046676636, 0.40734011186724894, 1791402902764738393, 
-0.26414954662323, 0.5348565578460693, 0.37577564945936337, 1791402902786705379, 
0.38261574506759644, 0.36082494258880615, 0.42155178682174466, 1791402902824724008, 
-0.2618323564529419, 0.3657938838005066, 0.4082161635935889, 1791402902854596936, 
0.6580260396003723, -0.22430604696273804, 0.42379954124963604, 1791402902884495304, 
-0.2916790843009949, -0.26984715461730957, 0.3846367147661424, 1791402902915739005, 
-0.09977680444717407, 0.16815567016601562, 0.3665919756702712, 1791402902947539812, 
0.38223814964294434, 0.5684388875961304, 0.4063846952707225, 1791402902974383822, 
0.23830437660217285, -0.35584545135498047, 0.38066344311926975, 1791402903004215772, 
0.16712486743927002, -0.15238994359970093, 0.4182712672471424, 1791402903034234483, 
0.28187811374664307, 0.41177380084991455, 0.43333995144739357, 1791402903064187498, 
0.19235432147979736, 0.16575264930725098, 0.40681008096512533, 1791402903094106204, 
0.20642387866973877, -0.11769765615463257, 0.38228382765357294, 1791402903124310151, 
0.10833555459976196, 0.03472667932510376, 0.37248701081526525, 1791402903155677074, 
0.02424722909927368, 0.1267307996749878, 0.3819369945783395, 1791402903186950049, 
-0.585620641708374, 0.36475682258605957, 0.4559106928064927, 1791402903214124146, 
0.5519394874572754, -0.15544593334197998, 0.41032772013453633, 1791402903244122918, 
-0.6268142461776733, -0.15530544519424438, 0.3982872741589089, 1791402903273782379, 
0.4524025321006775, 0.17793041467666626, 0.4170087956810088, 1791402903303757447, 
-0.7122169733047485, 0.4407591223716736, 0.4124568958308795, 1791402903333717398, 
0.34443098306655884, -0.1962396502494812, 0.4024896590396695, 1791402903363704578, 
-0.5796853303909302, -0.3257814645767212, 0.3502781974812705, 1791402903396059523, 
0.5125584006309509, 0.3596552610397339, 0.400467781297442, 1791402903425977341, 
0.1360732913017273, 0.6056802868843079, 0.4437573432308153, 1791402903463615918, 
0.40807801485061646, 0.6681117415428162, 0.3936066867894313, 1791402903493435454, 
-0.19695943593978882, -0.578448474407196, 0.39157224651721795, 1791402903522815058, 
-0.42247557640075684, -0.3535110354423523, 0.3544719865550604, 1791402903555735512, 
0.5087430477142334, 0.6347715854644775, 0.4321695854814863, 1791402903583569227, 
-0.7533711194992065, 0.557740330696106, 0.40784716528855236, 1791402903613146002, 
0.5179687738418579, -0.30214494466781616, 0.43931145740315614, 1791402903643145863, 
-0.8161067962646484, -0.18960148096084595, 0.4512359666320578, 1791402903673086395, 
0.8623976111412048, 0.2390298843383789, 0.42027805658315837, 1791402903703044815, 
-0.5431597232818604, 0.5014433264732361, 0.3765183120060582, 1791402903733191245, 
0.4386889934539795, -0.12162113189697266, 0.35839405322480206, 1791402903765127525, 
-0.2958734631538391, -0.1852947473526001, 0.38668524541385635, 1791402903795537244, 
0.34089237451553345, 0.28189289569854736, 0.43330771291203624, 1791402903822916067, 
0.25480860471725464, -0.06518518924713135, 0.3791434691444932, 1791402903843542971, 
-0.20586854219436646, -0.11931979656219482, 0.3569702562526025, 1791402903875664508, 
0.20208042860031128, 0.30267804861068726, 0.42549704766296786, 1791402903902875688, 
-0.06266707181930542, -0.00018531084060668945, 0.40308042424550466, 1791402903932600965, 
0.016488611698150635, 0.26342231035232544, 0.39942654967849656, 1791402903962573128, 
0.1526118516921997, -0.3739812970161438, 0.40640268366455895, 1791402903992570649, 
0.2593528628349304, 0.27018970251083374, 0.41896629581593453, 1791402904022422779, 
0.1757146120071411, 0.3977394700050354, 0.4092969193127681, 1791402904052421360, 
-0.1745685338973999, -0.19231116771697998, 0.39225815206093384, 1791402904084348405, 
-0.09344369173049927, -0.2628861665725708, 0.3914425462304122, 1791402904115654663, 
-0.29579275846481323, 0.1472381353378296, 0.43616260951099134, 1791402904142298723, 
0.32841426134109497, 0.3566102981567383, 0.3563105298346526, 1791402904163535456, 
-0.20765221118927002, -0.4691757559776306, 0.3657548669943571, 1791402904195742907, 
0.3091081380844116, -0.45431405305862427, 0.4677210018630232, 1791402904232077886, 
-0.2691338062286377, -0.04654800891876221, 0.38764653546775935, 1791402904261987391, 
0.16136276721954346, 0.48542022705078125, 0.3650835549060067, 1791402904292073358, 
0.28168320655822754, 0.5459540486335754, 0.3895251566862186, 1791402904323502389, 
0.12382340431213379, -0.5902856588363647, 0.39586382589519614, 1791402904354628128, 
-0.1598319411277771, -0.368995726108551, 0.4562806612097102, 1791402904381872211, 
0.7279200553894043, 0.8590878248214722, 0.4353992003600741, 1791402904411878626, 
0.20501095056533813, -0.20993953943252563, 0.38566429130182206, 1791402904433422684, 
0.022096097469329834, -0.4599933624267578, 0.42889380095105206, 1791402904471664119, 
-0.23507070541381836, -0.16955262422561646, 0.3930455808912892, 1791402904501551081, 
-0.17709976434707642, 0.2749630808830261, 0.37458138926994444, 1791402904532962920, 
0.0118369460105896, 0.22947251796722412, 0.37482246736819586, 1791402904563664469, 
0.20620650053024292, -0.07093149423599243, 0.4481191615959921, 1791402904591431428, 
-0.15309065580368042, 0.03666931390762329, 0.42936647676185324, 1791402904621534974, 
0.3726068139076233, 0.016286253929138184, 0.35673111510474714, 1791402904644096730, 
-0.08929932117462158, -0.05308270454406738, 0.38696780095493344, 1791402904681241990, 
0.660840630531311, 0.42931067943573, 0.38426627686153414, 1791402904711261907, 
-0.033109843730926514, 0.15730798244476318, 0.39120073939816224, 1791402904741159343, 
0.4061182737350464, -0.397538423538208, 0.39471413988825377, 1791402904771657800, 
-0.3697066307067871, 0.5579380393028259, 0.38953082135061146, 1791402904803713065, 
0.6218860149383545, 0.24538898468017578, 0.4367997523386238, 1791402904831470084, 
-0.38834071159362793, -0.5484161376953125, 0.3922452046787667, 1791402904860942885, 
-0.8360682129859924, 0.19732284545898438, 0.3394883701584375, 1791402904883704456, 
-0.9886016845703125, 0.36570316553115845, 0.333392068482793, 1791402904919809705, 
-1.066507339477539, -0.2700982093811035, 0.22830997266582345, 1791402904949811249, 
-0.05651366710662842, -0.2367417812347412, 0.19254757157923205, 1791402904980852871, 
-0.7729472517967224, 0.2873091697692871, 0.17379223958869408, 1791402905011635606, 
-0.7407357692718506, -0.04775899648666382, 0.11729755069013446, 1791402905043951479, 
-0.6195930242538452, -0.3446389436721802, 0.09499709729342466, 1791402905080525710, 
-0.624060332775116, 0.06370776891708374, 0.038002883184076054, 1791402905110536075, 
-0.17864298820495605, 0.023685455322265625, 0.00015426711624455227, 1791402905140547432, 
0.10878521203994751, -0.15660017728805542, -0.02307403531312896, 1791402905171885701, 
-0.25081348419189453, -0.05566900968551636, -0.024798112816455498, 1791402905204026298, 
0.05564427375793457, 0.006706655025482178, 0.0023703432739740145, 1791402905230380546, 
0.27655720710754395, -0.007017254829406738, 0.01725242757455986, 1791402905260182231, 
1.7402288913726807, 0.586012065410614, 0.0932516632665108, 1791402905282950557, 
1.0072457790374756, 0.18067848682403564, 0.18512061739091268, 1791402905320231222, 
0.9999407529830933, -0.24965828657150269, 0.15630382970889442, 1791402905350107771, 
0.7975640892982483, -0.07666492462158203, 0.18459820070096303, 1791402905380058789, 
0.10226184129714966, 0.294177770614624, 0.2263957617967109, 1791402905411475257, 
0.8124863505363464, -0.19910293817520142, 0.2583949862759575, 1791402905442727953, 
0.45980268716812134, 0.009823799133300781, 0.31192613462279456, 1791402905479853323, 
0.822533905506134, 0.22244811058044434, 0.3462455617171097, 1791402905510089802, 
0.035569727420806885, 0.04165524244308472, 0.3777076828166719, 1791402905540079823, 
0.2812158465385437, -0.6623533368110657, 0.40883149883127134, 1791402905571431817, 
-0.13570469617843628, 0.464627742767334, 0.4747467943994919, 1791402905599709231, 
0.335162878036499, 0.5257989764213562, 0.4437088626269394, 1791402905629559553, 
-0.17541319131851196, 0.1171388030052185, 0.42107590263984146, 1791402905659526272, 
-0.08163845539093018, -0.3098530173301697, 0.41603142203615545, 1791402905689484334, 
-0.05499953031539917, -0.15336382389068604, 0.3959469946771309, 1791402905719518693, 
-0.14419639110565186, 0.07767641544342041, 0.38705058895293354, 1791402905749622092, 
0.0043021440505981445, 0.3174327611923218, 0.4171080651444387, 1791402905779599942, 
0.1399773359298706, 0.42070019245147705, 0.377561672485234, 1791402905811969632, 
0.16111034154891968, -0.14071667194366455, 0.4215400445974491, 1791402905839572025, 
0.090542733669281, 0.18220078945159912, 0.398142576846263, 1791402905869173917, 
-0.1881852149963379, 0.11464691162109375, 0.3830275802010389, 1791402905899302885, 
-0.33937591314315796, -0.15215229988098145, 0.40765607166658907, 1791402905929095150, 
0.3396947979927063, 0.45523107051849365, 0.41963054652552784, 1791402905959168292, 
-0.25521403551101685, 0.01948648691177368, 0.37782130629192395, 1791402905988939423, 
0.14077579975128174, -0.30027705430984497, 0.3973649667353292, 1791402906018597570, 
-0.5262956023216248, 0.0019237995147705078, 0.36370450535545334, 1791402906051741058, 
0.24423837661743164, 0.5921639800071716, 0.44567709286555307, 1791402906078862931, 
-0.03083014488220215, 0.25156766176223755, 0.4036392034514474, 1791402906108652442, 
0.5358675122261047, -0.5213266611099243, 0.42704409835874946, 1791402906138635808, 
-0.13098269701004028, -0.22824794054031372, 0.4363840488829466, 1791402906168570760, 
0.2044280767440796, 0.5075705051422119, 0.416234732772647, 1791402906198645136, 
0.3344685435295105, 0.5920767784118652, 0.36953560268528124, 1791402906228466042, 
-0.4577798843383789, -0.1749367117881775, 0.3380140768290688, 1791402906260168937, 
0.16022390127182007, -0.46401065587997437, 0.3718115730166194, 1791402906291621106, 
-0.5726064443588257, 0.004906654357910156, 0.47451484680248907, 1791402906318434569, 
0.869332492351532, 0.6946728825569153, 0.4268176160350729, 1791402906348469185, 
0.09862780570983887, 0.11219090223312378, 0.3904822020773648, 1791402906378214024, 
0.35083872079849243, -0.28646111488342285, 0.41125125801077356, 1791402906408173967, 
0.03125286102294922, -0.09290224313735962, 0.4111340075343291, 1791402906438129873, 
0.13859015703201294, 0.29435741901397705, 0.39944209073737097, 1791402906468084943, 
-0.09254318475723267, 0.3170660734176636, 0.3720158509633164, 1791402906499593325, 
0.159650981426239, 0.12000375986099243, 0.3889722087264974, 1791402906530523297, 
0.04050987958908081, -0.25465279817581177, 0.4413700511830866, 1791402906558119120, 
0.058644890785217285, 0.07883179187774658, 0.39813176817545826, 1791402906586813548, 
-0.1075097918510437, 0.1513846516609192, 0.3803958192919821, 1791402906616794319, 
-0.22165101766586304, 0.05183887481689453, 0.37442971996538893, 1791402906647930456, 
0.6338465809822083, 0.25319623947143555, 0.42650697923757386, 1791402906677639743, 
-0.46627944707870483, -0.5178042054176331, 0.40182307254548566, 1791402906708112736, 
0.37510281801223755, 0.18270158767700195, 0.36010361579470274, 1791402906739572926, 
0.13682621717453003, 0.5011417269706726, 0.3569768323003431, 1791402906770402737, 
-0.26972776651382446, 0.05350673198699951, 0.4439122933484289, 1791402906797501174, 
-0.2995993494987488, -0.36529719829559326, 0.4050928333004615, 1791402906827365332, 
-0.010668814182281494, -0.16179978847503662, 0.41281308891461993, 1791402906857390953, 
0.10495764017105103, 0.3948034644126892, 0.4236239745636353, 1791402906887306120, 
0.11856544017791748, 0.2840082049369812, 0.4169408754173628, 1791402906917263897, 
-0.12567245960235596, 0.009855389595031738, 0.4094672187403141, 1791402906947536592, 
0.06778162717819214, 0.05856901407241821, 0.3808283407163897, 1791402906979614117, 
-0.479752779006958, -0.3783026933670044, 0.4259498112327214, 1791402907007135095, 
-0.19728678464889526, -0.0012267231941223145, 0.39883641416288945, 1791402907037079622, 
-0.06184220314025879, 0.6094064116477966, 0.43280384045104303, 1791402907066995951, 
-0.05240499973297119, -0.1792207956314087, 0.3933854037608181, 1791402907096953439, 
-0.17452329397201538, -0.254810631275177, 0.3954196602632383, 1791402907126855646, 
0.11128509044647217, -0.012111425399780273, 0.38356966800958736, 1791402907155797589, 
-0.17557519674301147, 0.3466305136680603, 0.37443909637411604, 1791402907187488856, 
-0.2818579077720642, 0.2012990117073059, 0.35593984885798663, 1791402907220247227, 
0.06642121076583862, 0.09662020206451416, 0.46575508042596775, 1791402907246788889, 
0.38884538412094116, 0.05165642499923706, 0.4182928615845778, 1791402907286788026, 
0.5370941162109375, -0.04049539566040039, 0.404194269000768, 1791402907316742022, 
-0.27298659086227417, 0.08618652820587158, 0.372032477142308, 1791402907347978623, 
-0.44313663244247437, 0.016487061977386475, 0.37265582499279076, 1791402907379752041, 
-0.10569572448730469, 0.11443978548049927, 0.45343281366706634, 1791402907406667310, 
0.2006664276123047, 0.2606288194656372, 0.4342254034502032, 1791402907436717787, 
-0.2937493920326233, -0.2795087695121765, 0.43825393696885373, 1791402907466395104, 
0.7749809622764587, -0.15871024131774902, 0.37753640770822156, 1791402907496604988, 
-0.47724491357803345, 0.29369962215423584, 0.36490987188277796, 1791402907526376794, 
0.14386355876922607, 0.21482408046722412, 0.37586867886679404, 1791402907556392571, 
-0.2421291470527649, 0.0043299198150634766, 0.40052256725216523, 1791402907587523133, 
0.3605954051017761, -0.22464168071746826, 0.3981195631171152, 1791402907618770607, 
-0.644452691078186, -0.0447881817817688, 0.4584519138081254, 1791402907646243135, 
0.4706343412399292, 0.3516189455986023, 0.41010207389568154, 1791402907676240268, 
-0.4448464512825012, 0.27100664377212524, 0.3942722648353841, 1791402907706228685, 
0.16968518495559692, 0.17987924814224243, 0.3838099160496784, 1791402907736311624, 
-0.20854419469833374, -0.39054954051971436, 0.4127456341408164, 1791402907766229185, 
0.2976112365722656, -0.17607009410858154, 0.4420108380729554, 1791402907796377749, 
0.06432819366455078, 0.5095328688621521, 0.4013684704014318, 1791402907827590862, 
-0.0821453332901001, 0.4109550714492798, 0.39843679681659355, 1791402907857713983, 
0.420116662979126, -0.07672065496444702, 0.39286365493692155, 1791402907886146945, 
-0.8456633687019348, -0.39271658658981323, 0.39494319645331644, 1791402907916136381, 
1.0786482095718384, 0.14655053615570068, 0.41138011207752095, 1791402907945425044, 
-0.1685713529586792, 0.22107094526290894, 0.40554201615609703, 1791402907975453319, 
0.515706479549408, 0.20225971937179565, 0.39074112642182474, 1791402908005301814, 
0.055559515953063965, 0.06373971700668335, 0.383241892019752, 1791402908035679560, 
-0.20534932613372803, -0.033691346645355225, 0.3954797885048766, 1791402908067598951, 
-0.23430657386779785, 0.035661935806274414, 0.4282754531300435, 1791402908095611941, 
-0.1354905366897583, -0.09825342893600464, 0.41921747149539645, 1791402908125189160, 
0.2153010368347168, 0.1672801971435547, 0.4252845360122754, 1791402908155033738, 
0.059031009674072266, 0.41848307847976685, 0.41926475928741147, 1791402908183991928, 
-0.07471966743469238, -0.49831515550613403, 0.3872548220147575, 1791402908215099730, 
0.10390782356262207, -0.21458417177200317, 0.37814407604476263, 1791402908245027232, 
-0.6283589601516724, 0.529940664768219, 0.38323116424223624, 1791402908276093838, 
-0.015166819095611572, 0.05027192831039429, 0.3673117882411361, 1791402908308085438, 
-0.1684328317642212, -0.03539091348648071, 0.47206792447539175, 1791402908334700429, 
0.3799756169319153, 0.011307895183563232, 0.418674478320273, 1791402908363799814, 
0.12772047519683838, 0.4445188641548157, 0.317396480176734, 1791402908387623361, 
0.21220189332962036, 0.08295869827270508, 0.4318752564400472, 1791402908424508867, 
-0.11446154117584229, 0.6590165495872498, 0.4046133650482576, 1791402908454517750, 
-0.2105112075805664, 0.4238942861557007, 0.4034106693894259, 1791402908484694172, 
-0.12994813919067383, -0.6667789220809937, 0.4000424615985173, 1791402908515982572, 
-0.31590670347213745, -0.292125403881073, 0.41555996415053104, 1791402908547597285, 
0.46974217891693115, 0.2580304741859436, 0.4822229821556261, 1791402908574559351, 
-1.356449842453003, 0.43687868118286133, 0.3944647000312754, 1791402908604193788, 
-0.6197394132614136, -0.12095677852630615, 0.3307428987960213, 1791402908627179493, 
1.4014562368392944, -0.02573150396347046, 0.446025825004625, 1791402908664231077, 
0.4758411645889282, -0.5071870684623718, 0.4221811263781852, 1791402908694310243, 
1.5701401233673096, -0.10350769758224487, 0.3691569664305575, 1791402908724002966, 
-0.5642262101173401, 0.3900820016860962, 0.34270368586485594, 1791402908756404599, 
-0.48690593242645264, -0.3727256655693054, 0.38379511634222246, 1791402908786418268, 
-0.9067366123199463, 0.3741762042045593, 0.4249231638618763, 1791402908812943495, 
-0.4178889989852905, -0.14569216966629028, 0.4063394883569329, 1791402908843773694, 
0.5622940063476562, 0.18483352661132812, 0.3687849890441766, 1791402908866519209, 
0.31992167234420776, 0.006780743598937988, 0.41300541836257304, 1791402908903742694, 
0.7677991390228271, 0.2551683187484741, 0.3839811828850728, 1791402908933585735, 
-0.4057926535606384, -0.1343325972557068, 0.37609203563043275, 1791402908963950827, 
-1.4174615144729614, -0.19331836700439453, 0.30436641885378624, 1791402908995778117, 
-1.6289054155349731, 0.08818262815475464, 0.34288028511602137, 1791402909022845124, 
-0.43134307861328125, -0.2363121509552002, 0.271423806386163, 1791402909053525109, 
-0.5808075666427612, -0.12661772966384888, 0.22314401298439232, 1791402909083419521, 
-0.40822118520736694, -0.2734938859939575, 0.15356958977992802, 1791402909113702862, 
-0.6481267809867859, -0.016517817974090576, 0.11507994887895688, 1791402909143449349, 
-0.7899648547172546, -0.07219886779785156, 0.10499779598042813, 1791402909173266939, 
-0.8817720413208008, 0.01470106840133667, 0.04900005068173234, 1791402909204354060, 
-0.40079736709594727, -0.06231486797332764, 0.022205102301708, 1791402909236114433, 
0.025775551795959473, -0.09479105472564697, 0.007527759499784086, 1791402909262116569, 
0.1759738326072693, 0.12397438287734985, 0.016110765194661453, 1791402909293036484, 
-0.004548430442810059, 0.07208824157714844, -0.0069619624785346255, 1791402909322933185, 
-0.017578065395355225, -0.20044726133346558, -0.002690117208922394, 1791402909352890884, 
0.025907933712005615, -0.10780400037765503, 0.0051035389814628115, 1791402909381807279, 
0.05557507276535034, -0.03788149356842041, 0.0006529892665492306, 1791402909412750842, 
-0.09120863676071167, -0.05730539560317993, -0.0019751247242416853, 1791402909442808137, 
-0.08462399244308472, -0.010983049869537354, 0.0021167198163644834, 1791402909474894765, 
-0.01547020673751831, -0.0021643638610839844, 0.001303042573124217, 1791402909502637138, 
-0.014952242374420166, -0.05717754364013672, -0.0037531338320268394, 1791402909532541946, 
0.17764133214950562, 0.012722194194793701, 0.0008527333554582674, 1791402909562458789, 
1.7711135149002075, 0.4690707325935364, 0.05597996038254683, 1791402909592425759, 
1.0687282085418701, -0.039508938789367676, 0.1523860910174778, 1791402909622388655, 
1.0836390256881714, -0.509613037109375, 0.1931910265731984, 1791402909652313714, 
0.9816071391105652, 0.27051621675491333, 0.17016509003067967, 1791402909684557369, 
0.5488152503967285, 0.26148003339767456, 0.1835665784915573, 1791402909715376933, 
0.5474892258644104, -0.12862056493759155, 0.2636730483588519, 1791402909752136757, 
1.127146601676941, 0.23690134286880493, 0.32501035732987726, 1791402909782082950, 
1.0581867694854736, -0.11663812398910522, 0.36951832786734917, 1791402909811012674, 
0.8775637745857239, -0.037907421588897705, 0.30742054617480563, 1791402909844525825, 
0.8470810055732727, 0.3884984850883484, 0.4147686616333105, 1791402909874245487, 
0.055959463119506836, 0.7173800468444824, 0.47183575308110787, 1791402909901863212, 
0.053926050662994385, -0.3761001229286194, 0.40459119039878433, 1791402909923937352, 
-0.330213725566864, 0.19641876220703125, 0.4460506810592715, 1791402909954703979, 
-0.24048715829849243, 0.05548816919326782, 0.48305863701977186, 1791402909991689381, 
-0.3314715623855591, -0.273159384727478, 0.42750336537570793, 1791402910021642002, 
-0.5136376023292542, -0.02248823642730713, 0.37584031198921297, 1791402910051916210, 
-0.7567936778068542, 0.5429118871688843, 0.2758837325786293, 1791402910083935449, 
-1.230898141860962, 0.027931511402130127, 0.2961100929422507, 1791402910121486064, 
-0.4576271176338196, -0.22711092233657837, 0.24535884285052403, 1791402910151447089, 
-1.2210826873779297, -0.09288561344146729, 0.20424881129127356, 1791402910181411376, 
-0.47738271951675415, 0.16959768533706665, 0.17360262476256266, 1791402910211892191, 
-0.6353121995925903, -0.21830177307128906, 0.1304298941260711, 1791402910244401898, 
-0.8500258922576904, -0.13957661390304565, 0.10096732247092405, 1791402910281387721, 
-0.7375063896179199, -0.09681713581085205, 0.07636414923112925, 1791402910311187360, 
-0.3458316922187805, 0.27071720361709595, -0.008010377848388784, 1791402910341068748, 
0.06180757284164429, -0.39055830240249634, 0.0050006334663035695, 1791402910370797900, 
0.3176930546760559, 0.056873619556427, 0.009876542036855963, 1791402910403957832, 
-0.06875622272491455, -0.01870274543762207, -0.0006497520685526655, 1791402910440918476, 
0.1294713020324707, -0.12050741910934448, -0.00903582734937023, 1791402910471013043, 
-0.18621748685836792, 0.0762251615524292, -0.005531788238685273, 1791402910499998903, 
-0.0028789639472961426, -0.045624494552612305, 0.003822154824004244, 1791402910531701696, 
-0.13870775699615479, -0.05745089054107666, -0.0041204737071315325, 1791402910564088713, 
0.0758810043334961, -0.032205164432525635, -0.0003739128519271729, 1791402910600592958, 
-0.04806053638458252, -0.042988359928131104, 0.003675757825231461, 1791402910630640478, 
-0.04955357313156128, -0.01949775218963623, -0.0019882520813116348, 1791402910660529109, 
0.017863988876342773, -0.06804603338241577, -3.191704866119474e-05, 1791402910692283461, 
0.018183887004852295, -0.024990499019622803, -0.0015926779382848364, 1791402910722858955, 
0.011546134948730469, -0.07683795690536499, 0.0015077619912711728, 1791402910750451640, 
-0.06212860345840454, -0.02321404218673706, 0.0013802608753384427, 1791402910780377833, 
-0.0044991374015808105, -0.044325828552246094, 0.0005047219638824025, 1791402910810254342, 
0.006256401538848877, -0.033084988594055176, -0.003389382246448684, 1791402910840255541, 
1.4857888221740723, 0.1893230676651001, 0.02645559324132306, 1791402910870147410, 
0.784204363822937, -0.2185571789741516, 0.11395477273006639, 1791402910899266888, 
1.3298112154006958, 0.18208354711532593, 0.10514040839248986, 1791402910932136880, 
0.8233683109283447, 0.12164306640625, 0.15542354667691635, 1791402910961872279, 
0.7693837881088257, -0.0677647590637207, 0.22518901651281056, 1791402910989936078, 
0.2836143374443054, 0.04967683553695679, 0.22288586512642522, 1791402911019869307, 
0.9340687394142151, 0.2597770690917969, 0.23552243838885942, 1791402911049891873, 
0.3522909879684448, -0.2802697420120239, 0.306206530325828, 1791402911079743355, 
0.6404733657836914, 0.4971412420272827, 0.3166639850974965, 1791402911109706348, 
1.3750324249267578, 0.10603892803192139, 0.36628950125322274, 1791402911140323025, 
-0.08108818531036377, 0.022684097290039062, 0.3942516638393665, 1791402911170939226, 
0.2113986611366272, -0.2596331834793091, 0.442506448549169, 1791402911200097347, 
0.16580206155776978, 0.04994708299636841, 0.41036158006096085, 1791402911229475770, 
0.11442619562149048, 0.42309755086898804, 0.40559300351593297, 1791402911259438050, 
-0.7143527269363403, -0.25501376390457153, 0.4014644304081916, 1791402911289395471, 
-0.26443809270858765, 0.16402453184127808, 0.4211165936165672, 1791402911319379539, 
-0.11913621425628662, 0.7566425204277039, 0.42143376924211157, 1791402911349279672, 
-1.6007585525512695, -0.45647644996643066, 0.3294256730181542, 1791402911380253943, 
-1.1629379987716675, -0.40393906831741333, 0.26672338553064595, 1791402911411779444, 
-0.8597320914268494, 0.2602761387825012, 0.3114447738924912, 1791402911438228196, 
-1.0167094469070435, -0.02117675542831421, 0.2162440500786497, 1791402911469080816, 
-0.7524706125259399, -0.17173504829406738, 0.19366661061322143, 1791402911499012661, 
-0.85986328125, 0.10864776372909546, 0.17632528375245513, 1791402911529173430, 
-0.6690261363983154, -0.0364689826965332, 0.12263454106895123, 1791402911558906828, 
-1.1859753131866455, -0.36273783445358276, 0.09120236440578712, 1791402911587827420, 
-0.5517929792404175, -0.007190048694610596, 0.05376934254796827, 1791402911618800317, 
-0.12941581010818481, 0.08598357439041138, 0.0493205594640627, 1791402911651837107, 
2.547361373901367, 0.37606799602508545, 0.0777391503449813, 1791402911678884794, 
0.9457160234451294, -0.15053212642669678, 0.1769004606904947, 1791402911708692951, 
0.9514531493186951, -0.10877984762191772, 0.21677615441030812, 1791402911737933422, 
1.0067310333251953, 0.33020150661468506, 0.21261561844271631, 1791402911768603831, 
0.928633451461792, -0.1735018491744995, 0.2495178062920787, 1791402911798489286, 
1.1392974853515625, 0.2616434693336487, 0.2610505477827358, 1791402911828615644, 
0.09622865915298462, 0.051954448223114014, 0.30243853490348915, 1791402911858815757, 
0.7029668688774109, 0.21602672338485718, 0.3318511028289974, 1791402911891217104, 
0.6062135696411133, -0.17301249504089355, 0.47258652871109486, 1791402911918252624, 
0.045408666133880615, 0.09382176399230957, 0.4019918126361382, 1791402911948279263, 
0.28994446992874146, -0.10900652408599854, 0.3701176625476091, 1791402911970903826, 
-0.27746105194091797, 0.08095377683639526, 0.45037006198027973, 1791402911998096266, 
-0.729248046875, 0.47327619791030884, 0.3820492646994603, 1791402912028184130, 
-0.2887030839920044, -0.36138200759887695, 0.3324972151961563, 1791402912050616694, 
0.42569559812545776, 0.23225438594818115, 0.4108402935460378, 1791402912088120996, 
0.35100704431533813, 0.7003889083862305, 0.4026010164696539, 1791402912117977473, 
-0.09571599960327148, -0.2829723358154297, 0.3915121209449783, 1791402912148537286, 
-0.2829837203025818, 0.09202796220779419, 0.3744333959424908, 1791402912180014828, 
-0.10780531167984009, -0.2611241340637207, 0.4361830925905155, 1791402912207777744, 
0.0273858904838562, -0.4182071089744568, 0.4332316968874874, 1791402912237907817, 
-0.26740849018096924, 0.4163174629211426, 0.45264570001098975, 1791402912266858299, 
0.2532694935798645, 0.13921087980270386, 0.404363301472794, 1791402912297662152, 
-0.3546791672706604, 0.6025092005729675, 0.382059114604431, 1791402912327666714, 
0.43508315086364746, 0.0749848484992981, 0.3846038625132308, 1791402912357508847, 
-0.23397785425186157, -0.6295869946479797, 0.4110315531133231, 1791402912386798556, 
-0.25629913806915283, -0.009190559387207031, 0.37452711171981873, 1791402912420115419, 
0.5721379518508911, -0.083976149559021, 0.4278108551970814, 1791402912447518098, 
-0.059078991413116455, -0.056130051612854004, 0.38536469609835355, 1791402912477523703, 
0.35136449337005615, 0.13058525323867798, 0.4267270443184577, 1791402912507182018, 
-0.24998348951339722, 0.041497230529785156, 0.4157474130970136, 1791402912537236633, 
-1.0297991037368774, 0.19511115550994873, 0.39779445082597187, 1791402912567196558, 
-1.3698498010635376, 0.002248108386993408, 0.3133193362832657, 1791402912597139311, 
-1.1634726524353027, -0.3712427020072937, 0.2806244582237887, 1791402912628042630, 
-0.42763638496398926, 0.2225971817970276, 0.2212076594505632, 1791402912660674481, 
-0.6698890328407288, 0.08828479051589966, 0.2498438019622382, 1791402912687168235, 
0.06261658668518066, 0.08374065160751343, 0.17880143182008937, 1791402912727031280, 
-0.06804293394088745, 0.2620481848716736, 0.15893729488963795, 1791402912757021643, 
2.2847378253936768, 0.027625858783721924, 0.20287043132876548, 1791402912788473001, 
0.863578200340271, -0.07505333423614502, 0.2995077794975222, 1791402912820501192, 
0.9468583464622498, 0.2680410146713257, 0.370279961579571, 1791402912846858353, 
0.9159268736839294, -0.11717844009399414, 0.34141385445294387, 1791402912876853260, 
0.618126630783081, 0.3534659147262573, 0.28840950887700495, 1791402912899787023, 
-0.17224842309951782, 0.22964709997177124, 0.3922175930198414, 1791402912936859006, 
-0.5983333587646484, 0.0903061032295227, 0.40923383530934426, 1791402912966581941, 
-0.020885944366455078, -0.11966633796691895, 0.42478490197047214, 1791402912996596875, 
-0.626867949962616, 0.8781260251998901, 0.4308856874661827, 1791402913028011658, 
0.12668967247009277, -0.19778186082839966, 0.4369066263883207, 1791402913057816097, 
-0.8352659344673157, -0.6365209817886353, 0.421851805077396, 1791402913086667285, 
0.19442296028137207, -0.036325931549072266, 0.39804926474909214, 1791402913116528635, 
0.3102859854698181, 0.5708735585212708, 0.3646679202619951, 1791402913138522303, 
-0.19408434629440308, 0.618114173412323, 0.4256108479177966, 1791402913176535869, 
0.7470323443412781, 0.21653306484222412, 0.42355392578897827, 1791402913206685539, 
-0.6865151524543762, -0.11781740188598633, 0.42219815422634127, 1791402913236698449, 
0.48914575576782227, 0.17003345489501953, 0.37571834043847924, 1791402913268168655, 
-0.09278786182403564, -0.205189049243927, 0.3904976958380401, 1791402913295931571, 
-0.22628158330917358, -0.009637892246246338, 0.35715752497214065, 1791402913326433804, 
-0.4263986349105835, 0.13230252265930176, 0.45001081183466884, 1791402913356003171, 
-0.4359780550003052, 0.292854905128479, 0.4449200588201447, 1791402913385653778, 
0.4266345500946045, -0.009807944297790527, 0.39525267559222416, 1791402913415726097, 
-0.04245024919509888, -0.12868475914001465, 0.3921894255770324, 1791402913445546114, 
-0.28897517919540405, 0.21931380033493042, 0.39528690093738095, 1791402913476151500, 
0.5602123141288757, 0.2489222288131714, 0.38061302478103476, 1791402913508004987, 
-0.315565288066864, -0.2447548508644104, 0.4192282892881659, 1791402913535483858, 
0.19052815437316895, -0.037049293518066406, 0.39631439766100657, 1791402913565419842, 
-0.2705199718475342, 0.6374163627624512, 0.40221538375000787, 1791402913594311473, 
0.012644588947296143, 0.06101721525192261, 0.35344246654987876, 1791402913625198851, 
0.01789987087249756, -0.2966088056564331, 0.40227515638552913, 1791402913655152000, 
0.4175879955291748, 0.11568218469619751, 0.42777688316605084, 1791402913685054759, 
-0.06281286478042603, -0.07083845138549805, 0.38126108077851295, 1791402913717273106, 
-0.18978220224380493, -0.2940746545791626, 0.3723487736142995, 1791402913748313363, 
-0.042546868324279785, 0.23618656396865845, 0.4449644253674187, 1791402913775085927, 
0.45312583446502686, 0.47836554050445557, 0.44323228955823585, 1791402913803828291, 
-0.20694446563720703, 0.32337260246276855, 0.43124895105798566, 1791402913833801026, 
0.18832361698150635, 0.2784716486930847, 0.41444355173405667, 1791402913864758106, 
-0.6017841100692749, -0.0734020471572876, 0.4036078443706132, 1791402913894878161, 
0.4569327235221863, -0.34243273735046387, 0.40303482766955107, 1791402913924604675, 
-0.24250108003616333, 0.0074350833892822266, 0.385729118600057, 1791402913956164078, 
-0.1971924901008606, -0.20271998643875122, 0.40320147958977043, 1791402913988154175, 
-0.1536773443222046, -0.15553438663482666, 0.4509330496466284, 1791402914024478331, 
-0.276752769947052, 0.07075542211532593, 0.37889423503847003, 1791402914054560090, 
0.6456279754638672, 0.1918976902961731, 0.36426754058650285, 1791402914084524693, 
-0.7362231016159058, 0.07517200708389282, 0.37624004500311775, 1791402914116232797, 
0.21739256381988525, 0.27261584997177124, 0.40011461395975156, 1791402914146188642, 
-0.16789263486862183, -0.1908888816833496, 0.41992977731141945, 1791402914174324754, 
0.08695942163467407, 0.4063064455986023, 0.4164277399023394, 1791402914204193520, 
0.2595224976539612, 0.1661556363105774, 0.37847971685478077, 1791402914226836194, 
-0.5715566277503967, -0.56852787733078, 0.43109987578001113, 1791402914264013768, 
-0.9563620090484619, 0.49699676036834717, 0.32769575812187357, 1791402914294063304, 
-1.63471519947052, -0.13967442512512207, 0.2852283223189489, 1791402914324513738, 
-0.5886473059654236, -0.4482607841491699, 0.25229252393872803, 1791402914356180312, 
-1.1524485349655151, 0.24081087112426758, 0.2495228450053545, 1791402914382832906, 
-0.5123526453971863, 0.09953480958938599, 0.19102688407126117, 1791402914413702370, 
-0.20125555992126465, -0.32811594009399414, 0.1529630276819404, 1791402914443724584, 
1.8628666400909424, 0.4103529453277588, 0.16932730954603678, 1791402914473634825, 
1.2194236516952515, -0.05390477180480957, 0.2846154485267209, 1791402914503597344, 
1.0898343324661255, 0.02510058879852295, 0.32669101861813654, 1791402914533555126, 
1.0463980436325073, 0.3744489550590515, 0.3321021878129198, 1791402914564182436, 
1.1703698635101318, -0.318543016910553, 0.3532493061279062, 1791402914595999296, 
0.6408899426460266, -0.29618674516677856, 0.407854444106528, 1791402914623591093, 
-0.1585007905960083, 0.14561647176742554, 0.40298894981879707, 1791402914653311405, 
-0.6154650449752808, 0.04515045881271362, 0.4125930777049893, 1791402914682249058, 
0.11237674951553345, -0.2628885507583618, 0.4040474000673382, 1791402914713368914, 
-0.8036850690841675, 0.49266576766967773, 0.4561808918346412, 1791402914743427668, 
0.8163835406303406, 0.24031049013137817, 0.45023038304354923, 1791402914773101711, 
-0.5385236740112305, 0.23334091901779175, 0.3918476924757896, 1791402914804316203, 
0.48934406042099, 0.08014851808547974, 0.3523385156846307, 1791402914836707257, 
-0.36678916215896606, 0.5079237818717957, 0.39867748593733365, 1791402914872914038, 
0.44305020570755005, -0.13461273908615112, 0.4081772639621939, 1791402914902963671, 
-0.49618399143218994, -0.03533512353897095, 0.4176511029893998, 1791402914931815598, 
-0.7203682661056519, -0.21525871753692627, 0.3517759112944252, 1791402914964497990, 
-1.3698177337646484, 0.16326242685317993, 0.3314008344583032, 1791402914996151263, 
-1.2348521947860718, -0.0779983401298523, 0.3151391482500093, 1791402915032637243, 
-0.5168058276176453, -0.0990024209022522, 0.2661651899077652, 1791402915062585748, 
-1.0834858417510986, 0.08890867233276367, 0.23444552631043344, 1791402915092652640, 
-0.5832701325416565, -0.01811462640762329, 0.17652988519649732, 1791402915124131775, 
-0.20306873321533203, 0.0321081280708313, 0.13224536077226087, 1791402915155482094, 
1.9162931442260742, 0.2926753759384155, 0.1922744347274475, 1791402915182629688, 
1.5885289907455444, -0.09256100654602051, 0.24555449354835235, 1791402915205236156, 
0.8691392540931702, 0.018666088581085205, 0.32436064884999244, 1791402915234129290, 
0.9473189115524292, 0.19221431016921997, 0.3422180038676653, 1791402915272388447, 
0.8809249401092529, 0.499737024307251, 0.3550900164020544, 1791402915302310928, 
1.2404310703277588, 0.015194594860076904, 0.38199019903926557, 1791402915332236570, 
-0.3800080418586731, -0.5666075348854065, 0.37509121502391657, 1791402915364201598, 
-0.04231584072113037, 0.11968094110488892, 0.43205270752487235, 1791402915402087093, 
-0.4622601866722107, 0.9732930660247803, 0.4026070355675599, 1791402915431987267, 
-0.3044382333755493, -0.581051230430603, 0.37895941572346786, 1791402915461899553, 
-0.8534958958625793, -0.7777391076087952, 0.38730023858807233, 1791402915492094217, 
-0.09559452533721924, 0.42192304134368896, 0.3868614301822318, 1791402915524093650, 
0.34010863304138184, 0.3920729160308838, 0.43476713289504015, 1791402915561858872, 
-0.3585664629936218, -0.5459141135215759, 0.4373636400570276, 1791402915591688537, 
-0.10938209295272827, 0.016483545303344727, 0.42985245300487834, 1791402915621629985, 
-0.017384886741638184, -0.12514370679855347, 0.405686068446779, 1791402915652195958, 
-0.6979691386222839, 0.21453440189361572, 0.35801897022460627, 1791402915684060140, 
-1.9175829887390137, 0.1915106177330017, 0.3108567008799586, 1791402915711573665, 
0.12712764739990234, -0.31933295726776123, 0.2614452962336857, 1791402915741481940, 
0.05270868539810181, 0.13322019577026367, 0.2681699033247347, 1791402915771415944, 
1.7012007236480713, 0.6206082105636597, 0.36007702528129887, 1791402915801317416, 
1.0656371116638184, 0.013568878173828125, 0.4149502533016525, 1791402915831259065, 
0.27654826641082764, 0.20362573862075806, 0.41146995600603253, 1791402915861495869, 
-0.0016360878944396973, -0.24802672863006592, 0.3997753271204548, 1791402915891935121, 
-0.921646237373352, 0.37549877166748047, 0.36481246656647837, 1791402915924712555, 
-0.35311466455459595, -0.2485937476158142, 0.43866713554277564, 1791402915951928574, 
0.03590315580368042, -0.38281679153442383, 0.42505392364535743, 1791402915981682948, 
-0.27722615003585815, 0.3570214509963989, 0.41418923514554284, 1791402916002820124, 
0.7025830745697021, -0.07831472158432007, 0.45186880348616715, 1791402916040878496, 
-0.6373168230056763, 0.2086436152458191, 0.4010077566544764, 1791402916070934574, 
0.22092729806900024, 0.573628306388855, 0.4043745029571873, 1791402916100723036, 
-0.23758679628372192, 0.06240361928939819, 0.4232772504024835, 1791402916131971173, 
0.08740073442459106, 0.48180443048477173, 0.41817298182798535, 1791402916163599067, 
-0.02312082052230835, 0.44169723987579346, 0.4351538327542921, 1791402916200592830, 
0.10285663604736328, 0.08822190761566162, 0.3777535306506834, 1791402916230651130, 
0.5773416757583618, 0.3366449475288391, 0.3832429985822917, 1791402916260404374, 
-0.5232768654823303, -0.0026811957359313965, 0.3849753006755978, 1791402916292311273, 
0.40766024589538574, -0.4919273853302002, 0.4273690063668982, 1791402916322701724, 
-0.386837899684906, 0.07301586866378784, 0.44267633142253726, 1791402916360248561, 
0.38477492332458496, 0.10984349250793457, 0.39118792588510753, 1791402916390472116, 
-0.5410752296447754, -0.30049294233322144, 0.38852472622358897, 1791402916420243645, 
-0.06135427951812744, -0.47902870178222656, 0.3701922048330664, 1791402916451964468, 
0.3421953320503235, 0.3130398988723755, 0.43085168581844935, 1791402916490020146, 
0.4014768600463867, -0.019423484802246094, 0.4164849971161027, 1791402916519984292, 
-0.5162507891654968, -0.6576952338218689, 0.38263004174640053, 1791402916549991671, 
0.06815475225448608, 0.7160681486129761, 0.3650629412213588, 1791402916580053374, 
0.6441488265991211, 0.08079862594604492, 0.38698893792557587, 1791402916612190300, 
-0.3968089818954468, -0.3070974349975586, 0.4604995433570254, 1791402916640087429, 
0.7437222599983215, 0.634850800037384, 0.4198355538299162, 1791402916669725287, 
-0.3753815293312073, 0.4847605228424072, 0.3709872628520977, 1791402916699653409, 
0.1342790126800537, -0.30562514066696167, 0.39312315684467025, 1791402916729588620, 
-0.40884506702423096, 0.074188232421875, 0.43918641447072654, 1791402916759559041, 
0.007646679878234863, -0.2558130621910095, 0.4088708419479786, 1791402916789568597, 
0.1212872862815857, -0.371828556060791, 0.365582386157216, 1791402916820758577, 
-0.5218497514724731, 0.2653941512107849, 0.34307939542273563, 1791402916852266588, 
0.696101725101471, 0.49437761306762695, 0.38051732267262145, 1791402916879482315, 
-0.20218759775161743, 0.29628801345825195, 0.38620790146805195, 1791402916909383177, 
0.666900634765625, -0.02643752098083496, 0.4328427877641413, 1791402916939245803, 
-0.2911071181297302, -0.14770770072937012, 0.4065472105087588, 1791402916969340383, 
-0.3277750611305237, 0.00036901235580444336, 0.3842070169526013, 1791402916999130058, 
0.46320199966430664, 0.054168522357940674, 0.37723564532784415, 1791402917029105067, 
-0.12453538179397583, -0.10511273145675659, 0.36472337844763725, 1791402917060091980, 
-0.4805132746696472, 0.2700713276863098, 0.40488756802745074, 1791402917092471580, 
0.06437230110168457, 0.09333014488220215, 0.470019404594409, 1791402917129063473, 
-0.14866745471954346, -0.1198415756225586, 0.3925084606642339, 1791402917157802035, 
-0.5733575820922852, 0.013166666030883789, 0.3636573955310461, 1791402917188872875, 
-0.18708324432373047, -0.06058001518249512, 0.35932706320386987, 1791402917220072768, 
-0.005647897720336914, 0.4731624126434326, 0.3858798989171545, 1791402917250818322, 
0.7255268692970276, 0.4635581374168396, 0.4093579435917587, 1791402917288693888, 
-0.2697521448135376, -0.00970602035522461, 0.42009835550876873, 1791402917318527355, 
-0.4560999870300293, 0.10808396339416504, 0.41499949113981316, 1791402917348511919, 
0.6178148984909058, 0.7050480246543884, 0.3789759254355405, 1791402917380198924, 
-0.4555588364601135, 0.20929116010665894, 0.40325826047706653, 1791402917410741226, 
0.7341519594192505, 0.35481083393096924, 0.4491827859085556, 1791402917448385396, 
-0.6129359006881714, 0.3594962954521179, 0.40120310128589404, 1791402917478226087, 
0.3863430619239807, 0.5797865390777588, 0.3927119878550187, 1791402917508213232, 
-0.27661705017089844, -0.35962772369384766, 0.38810483028127335, 1791402917540107648, 
0.005364358425140381, -0.253773033618927, 0.4115582459852091, 1791402917570580729, 
0.21242260932922363, 0.2076246738433838, 0.4254739096531542, 1791402917608024263, 
-0.10103583335876465, 0.2808375358581543, 0.38360100331086466, 1791402917637960131, 
-0.3671988248825073, -0.2562430500984192, 0.3897605071509773, 1791402917668167213, 
0.5281312465667725, -0.206853985786438, 0.37946354245122516, 1791402917700324100, 
0.04719138145446777, 0.11001044511795044, 0.42981445206165997, 1791402917727877587, 
-0.09134155511856079, -0.06398725509643555, 0.3757986516776948, 1791402917757744939, 
0.37688082456588745, 0.13755130767822266, 0.3807324511588346, 1791402917787760436, 
-0.3064121603965759, 0.3380998373031616, 0.41078199594983444, 1791402917817600512, 
-0.12367969751358032, -0.47781890630722046, 0.42894977747545293, 1791402917847568801, 
0.3785465359687805, 0.6554942727088928, 0.42534037602918306, 1791402917877633822, 
0.32528620958328247, 0.8920004367828369, 0.39487365521471296, 1791402917908529492, 
-0.5307523012161255, -0.39252912998199463, 0.3603309000413643, 1791402917940125469, 
-0.12298303842544556, 0.02487039566040039, 0.4345565063306071, 1791402917967373815, 
0.5496102571487427, -0.8557766079902649, 0.4035220975254399, 1791402917988234716, 
-0.5482855439186096, 0.11932361125946045, 0.37606819033345273, 1791402918020138028, 
0.1414812207221985, 0.8770071268081665, 0.4207760616780358, 1791402918047263489, 
-0.33387094736099243, -0.27287161350250244, 0.37172981964666535, 1791402918077195712, 
