x, y, th, stamp, 
-1.6367322206497192, -0.3209274411201477, 1.7688369631129095, 1791402843629415369, 
-1.6367322206497192, -0.3209274411201477, 1.7688369631129095, 1791402843724864420, 
-1.6367322206497192, -0.3209274411201477, 1.7688369631129095, 1791402843773283994, 
-1.6367322206497192, -0.3209274411201477, 1.7688369631129095, 1791402843821306025, 
-1.6367322206497192, -0.3209274411201477, 1.7688369631129095, 1791402843869338867, 
-1.6367322206497192, -0.3209274411201477, 1.7688369631129095, 1791402843917356582, 
-1.6367322206497192, -0.3209274411201477, 1.7688369631129095, 1791402843965441797, 
-1.6367322206497192, -0.3209274411201477, 1.7688369631129095, 1791402844029692125, 
-1.6367322206497192, -0.3209274411201477, 1.7688369631129095, 1791402844077187127, 
-1.6367322206497192, -0.3209274411201477, 1.7688369631129095, 1791402844109555322, 
-1.6367322206497192, -0.3209274411201477, 1.7688369631129095, 1791402844173288705, 
-1.6367322206497192, -0.3209274411201477, 1.7688369631129095, 1791402844222424278, 
-1.6366783380508423, -0.32104170322418213, 1.773888174955228, 1791402844269300453, 
-1.6367343664169312, -0.321246862411499, 1.7940020928845368, 1791402844317381483, 
-1.6368435621261597, -0.321185439825058, 1.8135685123947305, 1791402844365315180, 
-1.636691927909851, -0.32110291719436646, 1.8401610560792427, 1791402844429747422, 
-1.6367732286453247, -0.32091638445854187, 1.86027753640053, 1791402844477015785, 
-1.6366811990737915, -0.3207933306694031, 1.8735746197686942, 1791402844509101250, 
-1.636699914932251, -0.3206579089164734, 1.8990440139348852, 1791402844573605230, 
-1.6366437673568726, -0.3205307424068451, 1.9178900750578196, 1791402844621366872, 
-1.636737585067749, -0.3204021155834198, 1.9374514426578509, 1791402844669467561, 
-1.63677978515625, -0.3202650547027588, 1.9587366070243422, 1791402844717344516, 
-1.6367319822311401, -0.3199911415576935, 1.9791159819469495, 1791402844765670804, 
-1.6366746425628662, -0.3197452425956726, 2.003276783013396, 1791402844828792940, 
-1.6367247104644775, -0.31962820887565613, 2.0154895174276275, 1791402844860899975, 
-1.6368407011032104, -0.3193638026714325, 2.0405411215517812, 1791402844925271431, 
-1.6368576288223267, -0.31926193833351135, 2.0608501118149483, 1791402844973288992, 
-1.636840581893921, -0.31904473900794983, 2.0799369583719978, 1791402845021363615, 
-1.636916160583496, -0.31884172558784485, 2.097890720715684, 1791402845069317676, 
-1.6369942426681519, -0.31860822439193726, 2.1166119550919684, 1791402845116944907, 
-1.636940598487854, -0.3183926045894623, 2.1361956273007023, 1791402845165072877, 
-1.6369202136993408, -0.31817954778671265, 2.162738343185737, 1791402845230630837, 
-1.636883020401001, -0.31790003180503845, 2.1805287070061397, 1791402845277348347, 
-1.6368783712387085, -0.31781813502311707, 2.1989473301838593, 1791402845325492633, 
-1.636899471282959, -0.3175112009048462, 2.218693819405048, 1791402845373433937, 
-1.6369723081588745, -0.3173282742500305, 2.2383259942623974, 1791402845421303688, 
-1.6370407342910767, -0.3171103596687317, 2.2583447260786813, 1791402845470305363, 
-1.6371560096740723, -0.31688591837882996, 2.2768998835984133, 1791402845517425440, 
-1.6372387409210205, -0.3165745139122009, 2.295610964563118, 1791402845565351738, 
-1.6374173164367676, -0.31617972254753113, 2.321862740042703, 1791402845630299669, 
-1.6375364065170288, -0.31596195697784424, 2.3344557816938396, 1791402845661056835, 
-1.6377757787704468, -0.3156621754169464, 2.3604645873478662, 1791402845725338941, 
-1.6378525495529175, -0.31537529826164246, 2.3795807174742656, 1791402845773087386, 
-1.6380168199539185, -0.3150683045387268, 2.3976011481117028, 1791402845821656222, 
-1.6382352113723755, -0.31476572155952454, 2.4163769883350654, 1791402845870306605, 
-1.6384835243225098, -0.3145183324813843, 2.433817327782781, 1791402845917138914, 
-1.638705849647522, -0.31428009271621704, 2.45280193289507, 1791402845965615459, 
-1.6389787197113037, -0.3139634132385254, 2.479275781039535, 1791402846030664985, 
-1.6392271518707275, -0.31373167037963867, 2.4995899452166923, 1791402846077233862, 
-1.6394730806350708, -0.31345346570014954, 2.5185704171608103, 1791402846124935682, 
-1.6397138833999634, -0.31318286061286926, 2.537089881077089, 1791402846172902505, 
-1.640013337135315, -0.3128831088542938, 2.5566814016739103, 1791402846221315999, 
-1.6401652097702026, -0.3126579821109772, 2.5771255556602743, 1791402846269753600, 
-1.640379786491394, -0.31241780519485474, 2.5979116998712923, 1791402846318716828, 
-1.640640377998352, -0.3122004270553589, 2.61714475764842, 1791402846365426377, 
-1.6409014463424683, -0.3117293119430542, 2.6422014722498206, 1791402846430265166, 
-1.6411447525024414, -0.3115127682685852, 2.661458482049065, 1791402846478151710, 
-1.6416139602661133, -0.3112803101539612, 2.681484913011079, 1791402846524951231, 
-1.641892671585083, -0.31100788712501526, 2.7003133825750645, 1791402846573353080, 
-1.6421680450439453, -0.31069502234458923, 2.718698281067053, 1791402846621772137, 
-1.6425167322158813, -0.3103635907173157, 2.7387152175234646, 1791402846670662323, 
-1.6428619623184204, -0.31014201045036316, 2.7585187330871412, 1791402846717916300, 
-1.6432336568832397, -0.3098718225955963, 2.778668452608274, 1791402846765473411, 
-1.6439095735549927, -0.30934762954711914, 2.8021919884239335, 1791402846830696033, 
-1.64423668384552, -0.3091919720172882, 2.8145541885361114, 1791402846861406187, 
-1.6446291208267212, -0.3090084493160248, 2.8353509607009566, 1791402846910246559, 
-1.645224690437317, -0.308675080537796, 2.861526016118102, 1791402846973304548, 
-1.6455950736999512, -0.3083252012729645, 2.879905407139561, 1791402847021540691, 
-1.6460740566253662, -0.30807390809059143, 2.8989305459626995, 1791402847070534255, 
-1.6466429233551025, -0.3078997731208801, 2.91849657681144, 1791402847117033866, 
-1.6470956802368164, -0.3077710270881653, 2.937783755152126, 1791402847164803152, 
-1.6475244760513306, -0.30748939514160156, 2.956909674478176, 1791402847212849743, 
-1.6480447053909302, -0.3072810173034668, 2.976536505237328, 1791402847261225100, 
-1.6487245559692383, -0.30695393681526184, 3.005320535349973, 1791402847327051776, 
-1.649162769317627, -0.3067333400249481, 3.024642720268018, 1791402847373483699, 
-1.6497174501419067, -0.3065592348575592, 3.042674066673488, 1791402847421559903, 
-1.6504592895507812, -0.30635038018226624, 3.060782201487932, 1791402847469609648, 
-1.6510089635849, -0.30616652965545654, 3.0802071101510324, 1791402847517706406, 
-1.6515158414840698, -0.3059965968132019, 3.100022077303142, 1791402847566560288, 
-1.6519955396652222, -0.30582430958747864, 3.118680477604207, 1791402847613477553, 
-1.6524895429611206, -0.30570268630981445, 3.1350412371155163, 1791402847660966512, 
-1.652870535850525, -0.30533134937286377, 3.1368122100848317, 1791402847726122949, 
-1.6526117324829102, -0.305307000875473, 3.1344020370173067, 1791402847773428837, 
-1.6525474786758423, -0.3053666055202484, 3.133422613290739, 1791402847821588541, 
-1.6525472402572632, -0.30534660816192627, 3.133422613290739, 1791402847869332794, 
-1.6525472402572632, -0.30534660816192627, 3.133422613290739, 1791402847917529964, 
-1.6525989770889282, -0.3055160939693451, 3.133422613290739, 1791402847965482521, 
-1.653458833694458, -0.3057011365890503, -3.132320881316187, 1791402848013012946, 
-1.654815673828125, -0.3055287003517151, -3.10112977435292, 1791402848077234633, 
-1.6557598114013672, -0.305410236120224, -3.0828988513509823, 1791402848126024392, 
-1.6563369035720825, -0.30555739998817444, -3.067358249693835, 1791402848172811498, 
-1.65701162815094, -0.3055357038974762, -3.049092757522758, 1791402848221339067, 
-1.6575250625610352, -0.3055802285671234, -3.028935668282891, 1791402848269356654, 
-1.6584534645080566, -0.3055383563041687, -3.0084171246783, 1791402848317444737, 
-1.6591687202453613, -0.30556830763816833, -2.9892113305448427, 1791402848365545484, 
-1.6601743698120117, -0.3055839538574219, -2.964788447049802, 1791402848429018326, 
-1.6607693433761597, -0.30556774139404297, -2.95228792302011, 1791402848461347866, 
-1.6616688966751099, -0.3056827187538147, -2.926006062171652, 1791402848526175172, 
-1.6624152660369873, -0.3057020902633667, -2.9071481479946013, 1791402848574335564, 
-1.6630125045776367, -0.3057438135147095, -2.88832191819171, 1791402848621344088, 
-1.6637728214263916, -0.3057684898376465, -2.8682081942289654, 1791402848669604753, 
-1.6645039319992065, -0.3058871030807495, -2.849318696841817, 1791402848717401994, 
-1.6651219129562378, -0.3059799075126648, -2.830283853657324, 1791402848765735484, 
-1.6661218404769897, -0.30611273646354675, -2.805545112732409, 1791402848828850108, 
-1.6667604446411133, -0.30615556240081787, -2.7919585791842865, 1791402848877343099, 
-1.6669646501541138, -0.3060005307197571, -2.792201284514326, 1791402848925252432, 
-1.6667486429214478, -0.30590149760246277, -2.796555261623041, 1791402848974370144, 
-1.6667600870132446, -0.30595865845680237, -2.796555261623041, 1791402849021526766, 
-1.6667593717575073, -0.3059902489185333, -2.796555261623041, 1791402849069475539, 
-1.666739821434021, -0.3060014247894287, -2.796724286043201, 1791402849117386346, 
-1.6669223308563232, -0.30614954233169556, -2.795319324450639, 1791402849165465878, 
-1.6681989431381226, -0.30695879459381104, -2.7685257851916334, 1791402849229145477, 
-1.6693673133850098, -0.30731087923049927, -2.741095946069275, 1791402849276957243, 
-1.6705427169799805, -0.3075152337551117, -2.7161459727076993, 1791402849325387949, 
-1.6714248657226562, -0.3078705072402954, -2.695479140124912, 1791402849373623095, 
-1.67241632938385, -0.3080516457557678, -2.6745708300721316, 1791402849421358105, 
-1.6732892990112305, -0.308462530374527, -2.650266252560397, 1791402849469427029, 
-1.6743777990341187, -0.30891942977905273, -2.6261970912570107, 1791402849517369238, 
-1.6755014657974243, -0.30931931734085083, -2.6038647103564583, 1791402849565447971, 
-1.676899790763855, -0.3101279139518738, -2.574244941186165, 1791402849629370788, 
-1.6775989532470703, -0.3104994595050812, -2.5592374959063506, 1791402849662246629, 
-1.6790390014648438, -0.31119269132614136, -2.5279237622048516, 1791402849725567297, 
-1.679916501045227, -0.31180065870285034, -2.505084577684899, 1791402849773356340, 
-1.6809396743774414, -0.3123357892036438, -2.4823341313717027, 1791402849822646647, 
-1.6818642616271973, -0.3129664659500122, -2.4588041057162684, 1791402849869618109, 
-1.6831351518630981, -0.31397077441215515, -2.4338584068719693, 1791402849917545741, 
-1.6843971014022827, -0.3146669268608093, -2.410655442765994, 1791402849965038213, 
-1.6855800151824951, -0.31569164991378784, -2.378713700606228, 1791402850029371326, 
-1.6862835884094238, -0.31620848178863525, -2.3612151228218097, 1791402850062138599, 
-1.6877464056015015, -0.31737637519836426, -2.3275054280670555, 1791402850124846798, 
-1.6886954307556152, -0.31833937764167786, -2.3017368922598367, 1791402850173514631, 
-1.689851999282837, -0.31922075152397156, -2.2767234434672927, 1791402850221425647, 
-1.6907646656036377, -0.32023224234580994, -2.2525591647847314, 1791402850269527447, 
-1.6917732954025269, -0.3212127983570099, -2.2288214991527164, 1791402850317357320, 
-1.6928319931030273, -0.32227542996406555, -2.2042497501047267, 1791402850365362264, 
-1.693953514099121, -0.32376763224601746, -2.170920180829181, 1791402850429325557, 
-1.6946690082550049, -0.3244406282901764, -2.153039565460642, 1791402850461008249, 
-1.6957732439041138, -0.326195627450943, -2.11441689294962, 1791402850525489711, 
-1.6968597173690796, -0.32739025354385376, -2.086106795678376, 1791402850573555062, 
-1.6976805925369263, -0.32882416248321533, -2.0575309439593896, 1791402850621159503, 
-1.6987314224243164, -0.33040472865104675, -2.028001887377697, 1791402850670438673, 
-1.6996641159057617, -0.3321017026901245, -2.0006928992277166, 1791402850717524177, 
-1.7004226446151733, -0.3336939513683319, -1.9728169558468087, 1791402850765741527, 
-1.7015012502670288, -0.33591020107269287, -1.9336556001550897, 1791402850830620722, 
-1.7019386291503906, -0.33693748712539673, -1.9145334852648423, 1791402850860844911, 
-1.702958106994629, -0.3390829265117645, -1.8728323303286698, 1791402850925087864, 
-1.7036548852920532, -0.3407696485519409, -1.8429749387870225, 1791402850973612972, 
-1.7042855024337769, -0.34232038259506226, -1.8147766803844847, 1791402851021502022, 
-1.7049033641815186, -0.3441033363342285, -1.7860480635029214, 1791402851070521045, 
-1.7055532932281494, -0.34586480259895325, -1.7596240708816517, 1791402851117604135, 
-1.7059133052825928, -0.3478051424026489, -1.732207598013145, 1791402851165480002, 
-1.7065564393997192, -0.35011035203933716, -1.6913721769835077, 1791402851230550429, 
-1.7067149877548218, -0.35128113627433777, -1.6717205362454532, 1791402851260813828, 
-1.7072707414627075, -0.3538285791873932, -1.6319152715827225, 1791402851325894838, 
-1.707427978515625, -0.3556857407093048, -1.6040495167537798, 1791402851373445065, 
-1.707698941230774, -0.35758069157600403, -1.5757507261965393, 1791402851421535425, 
-1.7076772451400757, -0.3594162166118622, -1.5471478918841743, 1791402851469895360, 
-1.7079273462295532, -0.36135661602020264, -1.5174562987001339, 1791402851519508335, 
-1.7077829837799072, -0.36307308077812195, -1.4894690731737308, 1791402851565184255, 
-1.7078306674957275, -0.3654797673225403, -1.4482337640502743, 1791402851629263557, 
-1.7077716588974, -0.3667428195476532, -1.428484690334025, 1791402851661021432, 
-1.707639455795288, -0.3692358732223511, -1.3894260919544463, 1791402851724986435, 
-1.7073612213134766, -0.3709847331047058, -1.3611150660781233, 1791402851773473969, 
-1.7072728872299194, -0.3730737864971161, -1.3321646893851844, 1791402851821692994, 
-1.7068201303482056, -0.37480270862579346, -1.3057374257834018, 1791402851869828318, 
-1.7069040536880493, -0.3757762312889099, -1.2929716777482894, 1791402851918153967, 
-1.7070297002792358, -0.3758438229560852, -1.2896133591327645, 1791402851965655159, 
-1.706225872039795, -0.3771270513534546, -1.259105395177963, 1791402852030688459, 
-1.7058714628219604, -0.37863045930862427, -1.235563995393789, 1791402852061587111, 
-1.7053265571594238, -0.3809243142604828, -1.1984684793372244, 1791402852109878198, 
-1.7046867609024048, -0.3835923671722412, -1.1559523455338987, 1791402852173040075, 
-1.7042131423950195, -0.38512709736824036, -1.1291120848953353, 1791402852221394474, 
-1.7034204006195068, -0.38693588972091675, -1.1010021254914464, 1791402852269846180, 
-1.7023530006408691, -0.3888290226459503, -1.072084400330371, 1791402852317066138, 
-1.7015050649642944, -0.3906632959842682, -1.0414229711410097, 1791402852365632954, 
-1.7006722688674927, -0.3924364447593689, -1.0101257935159351, 1791402852413124233, 
-1.6996737718582153, -0.39425843954086304, -0.9797295219945261, 1791402852461072215, 
-1.6987296342849731, -0.3959943652153015, -0.9491637349429974, 1791402852509660339, 
-1.6973893642425537, -0.39820805191993713, -0.9099352103316174, 1791402852573367528, 
-1.696140170097351, -0.3998989760875702, -0.8796563280386188, 1791402852621626895, 
-1.6948840618133545, -0.40157467126846313, -0.8493966011080972, 1791402852669704590, 
-1.6936160326004028, -0.4031912684440613, -0.8182106685659962, 1791402852718258436, 
-1.6922495365142822, -0.40498894453048706, -0.7865100838395807, 1791402852767789801, 
-1.6910208463668823, -0.40639692544937134, -0.7557458066995316, 1791402852813125298, 
-1.6898525953292847, -0.4077502489089966, -0.7275995247556893, 1791402852861006908, 
-1.689180612564087, -0.40885230898857117, -0.710134579617653, 1791402852926380778, 
-1.6892167329788208, -0.40894004702568054, -0.710134579617653, 1791402852973401853, 
-1.6892404556274414, -0.40890616178512573, -0.7108289038706992, 1791402853021428058, 
-1.6890480518341064, -0.40910735726356506, -0.7087833435963056, 1791402853070524330, 
-1.6876264810562134, -0.41002827882766724, -0.6934197001781416, 1791402853118614599, 
-1.6857342720031738, -0.4115733206272125, -0.6714395395358631, 1791402853166762631, 
-1.683730959892273, -0.4133222997188568, -0.6468895088247925, 1791402853229453879, 
-1.6828051805496216, -0.41407591104507446, -0.6362283187912251, 1791402853260793007, 
-1.6813474893569946, -0.41524457931518555, -0.6197497056453714, 1791402853309606180, 
-1.6791925430297852, -0.4169219434261322, -0.5967985687462967, 1791402853374032706, 
-1.677678108215332, -0.4181855022907257, -0.5799117803612337, 1791402853421511264, 
-1.6759175062179565, -0.4192650020122528, -0.5628754719246193, 1791402853469400257, 
-1.6743578910827637, -0.42044946551322937, -0.5454362989130259, 1791402853518413891, 
-1.6726685762405396, -0.4215948283672333, -0.5275506162978054, 1791402853566495308, 
-1.6703271865844727, -0.4229654371738434, -0.504183136695698, 1791402853629734976, 
-1.6692146062850952, -0.4237208664417267, -0.49241538322709405, 1791402853661465791, 
-1.6674525737762451, -0.4247649908065796, -0.4747884754460742, 1791402853710657455, 
-1.6651638746261597, -0.42601513862609863, -0.45253769827514784, 1791402853773393563, 
-1.663438320159912, -0.4270295798778534, -0.4348089673888355, 1791402853821485577, 
-1.6617027521133423, -0.4278973937034607, -0.4175997756166758, 1791402853869447733, 
-1.6598765850067139, -0.42881929874420166, -0.4001305602818553, 1791402853918594072, 
-1.6580461263656616, -0.42969802021980286, -0.3820163044126611, 1791402853965936681, 
-1.6555967330932617, -0.4307352304458618, -0.3603139844038196, 1791402854028980709, 
-1.6546519994735718, -0.4312175512313843, -0.3501059856709684, 1791402854060816874, 
-1.6540075540542603, -0.43164584040641785, -0.3438436062519113, 1791402854124798245, 
-1.6541552543640137, -0.4316294193267822, -0.34528126855811153, 1791402854174475807, 
-1.6542280912399292, -0.4315073788166046, -0.34528126855811153, 1791402854221441510, 
-1.6539435386657715, -0.43170735239982605, -0.34279175968108344, 1791402854270390712, 
-1.6524518728256226, -0.43210074305534363, -0.3290727111786788, 1791402854318567124, 
-1.6498984098434448, -0.4327745735645294, -0.30844236075574794, 1791402854365763286, 
-1.646905541419983, -0.4341074824333191, -0.28034053863939945, 1791402854429130893, 
-1.6450737714767456, -0.43456020951271057, -0.2628222930554945, 1791402854477587126, 
-1.6433085203170776, -0.4352305829524994, -0.24748675317341548, 1791402854524955670, 
-1.6414133310317993, -0.4356556534767151, -0.22966141221400826, 1791402854574535354, 
-1.639288067817688, -0.43615710735321045, -0.2119518031637277, 1791402854621531482, 
-1.6371930837631226, -0.43692508339881897, -0.1926857486897695, 1791402854669018123, 
-1.6350958347320557, -0.4372415542602539, -0.17443676635887348, 1791402854717398220, 
-1.633020043373108, -0.4377976059913635, -0.15630607961425314, 1791402854765737854, 
-1.6301332712173462, -0.4383936822414398, -0.13096121038402458, 1791402854829248873, 
-1.6286441087722778, -0.4386078715324402, -0.11855213973111504, 1791402854861719369, 
-1.6266820430755615, -0.4389585256576538, -0.10054172308036542, 1791402854909126799, 
-1.623906135559082, -0.4392041265964508, -0.07665414175091903, 1791402854973553380, 
-1.621665120124817, -0.43961960077285767, -0.05765740500348664, 1791402855022735687, 
-1.6196531057357788, -0.4398113191127777, -0.038951062678424866, 1791402855069471840, 
-1.6173328161239624, -0.43981802463531494, -0.02001440235373096, 1791402855118638279, 
-1.6152145862579346, -0.44015899300575256, -0.0012723070691224843, 1791402855165504749, 
-1.612260103225708, -0.44013240933418274, 0.023979858211132438, 1791402855229875231, 
-1.6108545064926147, -0.44017350673675537, 0.03615750225935611, 1791402855261875346, 
-1.6080338954925537, -0.4403733015060425, 0.06110892866101012, 1791402855325042977, 
-1.605865478515625, -0.44020187854766846, 0.0791811997270291, 1791402855373607153, 
-1.6036813259124756, -0.44033628702163696, 0.09841216583237886, 1791402855422626252, 
-1.6015911102294922, -0.4400542080402374, 0.11711458116787181, 1791402855469427027, 
-1.5993528366088867, -0.4399558901786804, 0.13712922268892536, 1791402855517415124, 
-1.5970280170440674, -0.4398609697818756, 0.15693895771656619, 1791402855564809879, 
-1.5941193103790283, -0.4394160509109497, 0.18202741861725805, 1791402855629975188, 
-1.5926774740219116, -0.4393359422683716, 0.1941803536453046, 1791402855662463963, 
-1.589898943901062, -0.43877458572387695, 0.21918782538755718, 1791402855725016163, 
-1.5877606868743896, -0.438586562871933, 0.23785435075690958, 1791402855773648718, 
-1.5854960680007935, -0.4381371736526489, 0.2577975113922356, 1791402855821598755, 
-1.5832102298736572, -0.4374840557575226, 0.278089619859479, 1791402855870420056, 
-1.5809872150421143, -0.43706056475639343, 0.2979909473761098, 1791402855918418625, 
-1.5787510871887207, -0.43638181686401367, 0.3179430488981178, 1791402855966530824, 
-1.576489806175232, -0.4359230399131775, 0.3372237195506595, 1791402856013717616, 
-1.5735268592834473, -0.4349515736103058, 0.3634279356330812, 1791402856077158180, 
-1.5713876485824585, -0.43433162569999695, 0.38270089175318606, 1791402856125370133, 
-1.5692025423049927, -0.4335967004299164, 0.4028200709287676, 1791402856174635637, 
-1.567047357559204, -0.43273302912712097, 0.42269256282070555, 1791402856222449139, 
-1.5647951364517212, -0.431966096162796, 0.44321871687852044, 1791402856271477291, 
-1.5627118349075317, -0.4309476315975189, 0.4634298399493908, 1791402856318465217, 
-1.5606688261032104, -0.4300498068332672, 0.4826935266791197, 1791402856365601979, 
-1.5585740804672241, -0.4291036128997803, 0.5033067531472728, 1791402856414644043, 
-1.5566513538360596, -0.42801138758659363, 0.5223724824389512, 1791402856461710858, 
-1.5538733005523682, -0.42670395970344543, 0.549264137702253, 1791402856526442832, 
-1.5520110130310059, -0.42548778653144836, 0.5677804466812472, 1791402856572901058, 
-1.550094723701477, -0.42462781071662903, 0.5874827989778997, 1791402856621531828, 
-1.5480798482894897, -0.423273503780365, 0.6083700455478595, 1791402856671435624, 
-1.546119213104248, -0.42204636335372925, 0.6278782512794316, 1791402856718620194, 
-1.5442253351211548, -0.42079970240592957, 0.6483851058332506, 1791402856765158103, 
-1.5417888164520264, -0.4189628064632416, 0.6754107746578601, 1791402856831015425, 
-1.5404161214828491, -0.4181365966796875, 0.6887787700085074, 1791402856861922092, 
-1.5387498140335083, -0.41664114594459534, 0.7083945334777976, 1791402856910179043, 
-1.5361039638519287, -0.41486549377441406, 0.7351906433763267, 1791402856974317135, 
-1.534472942352295, -0.41332387924194336, 0.7547630899089584, 1791402857022777404, 
-1.5326603651046753, -0.4117721617221832, 0.7746492695875806, 1791402857070687901, 
-1.5308594703674316, -0.41022735834121704, 0.7959881411110777, 1791402857119687534, 
-1.5292569398880005, -0.4085048735141754, 0.8157645682616474, 1791402857166646493, 
-1.5268241167068481, -0.4063991606235504, 0.8439338428470538, 1791402857229982785, 
-1.5254117250442505, -0.40457212924957275, 0.8643181614672343, 1791402857278743317, 
-1.5237231254577637, -0.40304291248321533, 0.8845010655933394, 1791402857326575349, 
-1.522708773612976, -0.40182679891586304, 0.8981764767493687, 1791402857358726350, 
-1.5205955505371094, -0.39941850304603577, 0.925179864716349, 1791402857421191224, 
-1.519115686416626, -0.39746272563934326, 0.9468211963820109, 1791402857470558797, 
-1.5177114009857178, -0.3954888880252838, 0.9678619963832263, 1791402857518683928, 
-1.516189455986023, -0.3936733603477478, 0.989083376521832, 1791402857565504588, 
-1.5142850875854492, -0.3909306228160858, 1.0172246584536995, 1791402857630045940, 
-1.5127472877502441, -0.3889886140823364, 1.0385810529077235, 1791402857678038603, 
-1.5121541023254395, -0.38776883482933044, 1.052820193417182, 1791402857710601265, 
-1.5102258920669556, -0.3849901854991913, 1.0816340694822406, 1791402857774433585, 
-1.5090970993041992, -0.38273972272872925, 1.1025154193350077, 1791402857822549163, 
-1.5078184604644775, -0.38062986731529236, 1.1240899773634496, 1791402857870534091, 
-1.5067086219787598, -0.37846624851226807, 1.146048200569335, 1791402857918624830, 
-1.5057610273361206, -0.3763238191604614, 1.1665226260575527, 1791402857964928968, 
-1.5042359828948975, -0.3732765316963196, 1.195977115614995, 1791402858030607118, 
-1.5033481121063232, -0.37110912799835205, 1.2159782757708888, 1791402858078595357, 
-1.5023330450057983, -0.3689151704311371, 1.236757166000274, 1791402858125004644, 
-1.5015671253204346, -0.36665910482406616, 1.2575773730649897, 1791402858173461368, 
-1.5006171464920044, -0.36439210176467896, 1.2796153924645024, 1791402858222622036, 
-1.4998818635940552, -0.3620256781578064, 1.3009561224775619, 1791402858270436230, 
-1.4990755319595337, -0.3596609830856323, 1.3228118752385167, 1791402858317861832, 
-1.4984195232391357, -0.3571634888648987, 1.345143700491327, 1791402858367641083, 
-1.4973852634429932, -0.3540976941585541, 1.3731527145683853, 1791402858430126000, 
-1.4970136880874634, -0.35250818729400635, 1.3876088460822513, 1791402858461923463, 
-1.4965722560882568, -0.350210964679718, 1.4080385619799196, 1791402858510586093, 
-1.495843768119812, -0.3471181392669678, 1.4360907603163688, 1791402858573746791, 
-1.4955151081085205, -0.3446210026741028, 1.4577887547334474, 1791402858622480480, 
-1.4949859380722046, -0.34222063422203064, 1.4794216381147158, 1791402858670452335, 
-1.4948291778564453, -0.33975446224212646, 1.5002216474560675, 1791402858718448597, 
-1.4944519996643066, -0.33740413188934326, 1.522502762724523, 1791402858766575448, 
-1.4943323135375977, -0.3340698778629303, 1.5516968397478812, 1791402858830264808, 
-1.494135856628418, -0.33242321014404297, 1.5657788204568168, 1791402858861571910, 
-1.4940217733383179, -0.3298603892326355, 1.5879941095709031, 1791402858910475643, 
-1.4938987493515015, -0.3265102207660675, 1.6169165430157775, 1791402858973634846, 
-1.4940438270568848, -0.3241056501865387, 1.6388600943394684, 1791402859022537806, 
-1.494003415107727, -0.3215169906616211, 1.6611162322125093, 1791402859070527163, 
-1.4940900802612305, -0.3190069794654846, 1.682913403246946, 1791402859118456996, 
-1.4943821430206299, -0.3164336383342743, 1.7043861079209162, 1791402859166584481, 
-1.4946411848068237, -0.3130483329296112, 1.7340599594460708, 1791402859229890310, 
-1.49504554271698, -0.31100213527679443, 1.7522525184099635, 1791402859262650892, 
-1.495684027671814, -0.3065638542175293, 1.783891628010781, 1791402859310043655, 
-1.496990442276001, -0.30030202865600586, 1.821359013448327, 1791402859375764682, 
-1.49782395362854, -0.29581737518310547, 1.8465270204708688, 1791402859422462818, 
-1.499085783958435, -0.29151690006256104, 1.8713888454195557, 1791402859470479470, 
-1.5003348588943481, -0.28712186217308044, 1.898610638612404, 1791402859518599925, 
-1.5018620491027832, -0.28271448612213135, 1.9264985063224769, 1791402859566571925, 
-1.503954291343689, -0.2770124077796936, 1.9631625658105814, 1791402859630720162, 
-1.505617618560791, -0.2729388177394867, 1.9901848546471885, 1791402859678397525, 
-1.506813406944275, -0.27019309997558594, 2.009065650131388, 1791402859710261416, 
-1.5092717409133911, -0.264561265707016, 2.046953260379137, 1791402859774480725, 
-1.5112415552139282, -0.26036539673805237, 2.0743327901214497, 1791402859822479526, 
-1.513246774673462, -0.2563602328300476, 2.1015208583290037, 1791402859870621664, 
-1.5154072046279907, -0.2523396909236908, 2.12968874174587, 1791402859918490735, 
-1.5176087617874146, -0.24856777489185333, 2.1574578284689854, 1791402859965620285, 
-1.5206447839736938, -0.24357424676418304, 2.1945845502922565, 1791402860029501905, 
-1.522919774055481, -0.2402425855398178, 2.2201439967550116, 1791402860078275466, 
-1.524079442024231, -0.23829598724842072, 2.23354765976211, 1791402860126475269, 
-1.524239182472229, -0.23785099387168884, 2.236194604691809, 1791402860174496064, 
-1.5240312814712524, -0.23807096481323242, 2.235486156653217, 1791402860222685841, 
-1.5241507291793823, -0.2379501610994339, 2.2376667602115505, 1791402860270498629, 
-1.525463342666626, -0.23664890229701996, 2.2535545232195675, 1791402860318531064, 
-1.5278016328811646, -0.23377762734889984, 2.274836004714213, 1791402860366598586, 
-1.5323039293289185, -0.2286807745695114, 2.311817635672388, 1791402860430189688, 
-1.5356909036636353, -0.22488178312778473, 2.3425154171108664, 1791402860477814839, 
-1.5378718376159668, -0.22244948148727417, 2.362994919743085, 1791402860510699932, 
-1.5419650077819824, -0.21818768978118896, 2.401517338287589, 1791402860574274767, 
-1.5452775955200195, -0.21491087973117828, 2.431355272869603, 1791402860623650092, 
-1.5487767457962036, -0.21179892122745514, 2.4599031784964303, 1791402860670528665, 
-1.5523253679275513, -0.20865514874458313, 2.4882417449144967, 1791402860718488273, 
-1.5559546947479248, -0.20560739934444427, 2.5156473819814065, 1791402860766756353, 
-1.559670329093933, -0.20282749831676483, 2.5425564035618113, 1791402860814061989, 
-1.5647239685058594, -0.1991497278213501, 2.5802674017182423, 1791402860878360491, 
-1.5686429738998413, -0.19653664529323578, 2.6090016281035484, 1791402860926703434, 
-1.5720844268798828, -0.19418874382972717, 2.6358343074549713, 1791402860973816061, 
-1.574313759803772, -0.19288526475429535, 2.6505241553880574, 1791402861022498169, 
-1.5748231410980225, -0.19240057468414307, 2.6553477928555047, 1791402861070669413, 
-1.5744048357009888, -0.1925276517868042, 2.653510366626018, 1791402861118503627, 
-1.5739837884902954, -0.1927761733531952, 2.6499454513380925, 1791402861166553241, 
-1.5740333795547485, -0.19278265535831451, 2.6506462136317097, 1791402861230149793, 
-1.574105143547058, -0.1927894949913025, 2.6506462136317097, 1791402861262127594, 
-1.5740578174591064, -0.19270139932632446, 2.6506462136317097, 1791402861311308180, 
-1.5740267038345337, -0.19270679354667664, 2.6506462136317097, 1791402861374581719, 
-1.5740267038345337, -0.19270679354667664, 2.6506462136317097, 1791402861421935637, 
-1.5741844177246094, -0.19243444502353668, 2.6532749741740846, 1791402861471576758, 
-1.5760577917099, -0.1915222853422165, 2.669707092651057, 1791402861518493198, 
-1.5794752836227417, -0.18992258608341217, 2.691227222408349, 1791402861566492975, 
-1.5850448608398438, -0.187051922082901, 2.7271443015051844, 1791402861631304503, 
-1.5880547761917114, -0.18563999235630035, 2.7450876499357824, 1791402861662605061, 
-1.5933464765548706, -0.18314746022224426, 2.781808410753162, 1791402861726678739, 
-1.597023367881775, -0.18155606091022491, 2.806416426383387, 1791402861774617173, 
-1.6008399724960327, -0.1801929473876953, 2.831387719899365, 1791402861822557270, 
-1.604994773864746, -0.1787949502468109, 2.8583350119095035, 1791402861871640934, 
-1.608951449394226, -0.17761419713497162, 2.8833816095075253, 1791402861918511141, 
-1.612813949584961, -0.17645876109600067, 2.9070477307074665, 1791402861966541716, 
-1.6179120540618896, -0.17523561418056488, 2.936536070880989, 1791402862030981152, 
-1.620412826538086, -0.1746680736541748, 2.9514813296220583, 1791402862062163884, 
-1.6256660223007202, -0.17354515194892883, 2.98277997527167, 1791402862125955550, 
-1.6295315027236938, -0.1727585345506668, 3.0065713158695684, 1791402862174762282, 
-1.6333633661270142, -0.17209455370903015, 3.029616122978774, 1791402862222265940, 
-1.6372227668762207, -0.17148587107658386, 3.0522782789312486, 1791402862270709443, 
-1.6411676406860352, -0.17102235555648804, 3.074106218422144, 1791402862318240360, 
-1.6450549364089966, -0.17066265642642975, 3.095387454512907, 1791402862366597845, 
-1.6505764722824097, -0.17027753591537476, 3.124756336425663, 1791402862430983656, 
-1.6531113386154175, -0.17013351619243622, 3.1383461951086518, 1791402862461834646, 
-1.6580979824066162, -0.17005114257335663, -3.1154270202687058, 1791402862526501028, 
-1.6619151830673218, -0.17012281715869904, -3.0929274639725186, 1791402862573798379, 
-1.6658070087432861, -0.1702120453119278, -3.070516116411425, 1791402862622214185, 
-1.6697161197662354, -0.17041097581386566, -3.048303846995358, 1791402862670740156, 
-1.673670768737793, -0.17069198191165924, -3.0260908507549327, 1791402862719782630, 
-1.6773734092712402, -0.1710803359746933, -3.006192205208378, 1791402862766210238, 
-1.6821980476379395, -0.1716056615114212, -2.9804346306312977, 1791402862829857158, 
-1.6847097873687744, -0.17195098102092743, -2.9666376241816477, 1791402862862205947, 
-1.6894397735595703, -0.17256300151348114, -2.9377367698535792, 1791402862926301641, 
-1.6929309368133545, -0.17324984073638916, -2.9165122493212046, 1791402862974765918, 
-1.6964362859725952, -0.17400605976581573, -2.895074579027284, 1791402863022059964, 
-1.6998876333236694, -0.17477959394454956, -2.875378386205459, 1791402863070688237, 
-1.7033382654190063, -0.17569905519485474, -2.85630390445828, 1791402863118219470, 
-1.706756353378296, -0.17663978040218353, -2.8368507865896357, 1791402863166114109, 
-1.7115137577056885, -0.17818239331245422, -2.8098039882036514, 1791402863230612351, 
-1.7137387990951538, -0.17880721390247345, -2.7960946565604243, 1791402863261858753, 
-1.7180341482162476, -0.18030862510204315, -2.769755621526476, 1791402863325952622, 
-1.7212573289871216, -0.1815701425075531, -2.7504429908006793, 1791402863374740173, 
-1.7244609594345093, -0.1829247921705246, -2.731283235297004, 1791402863421875785, 
-1.7277361154556274, -0.18419499695301056, -2.712001536507576, 1791402863470423873, 
-1.7310582399368286, -0.18566836416721344, -2.6927890836468134, 1791402863518041775, 
-1.7343635559082031, -0.18729053437709808, -2.673586838685559, 1791402863567565470, 
-1.7374792098999023, -0.18879446387290955, -2.6550059023210393, 1791402863614599864, 
-1.7404521703720093, -0.1904115080833435, -2.6355417178354474, 1791402863662320070, 
-1.7436375617980957, -0.192119300365448, -2.615864768507747, 1791402863710184907, 
-1.7477830648422241, -0.19462324678897858, -2.589143048296567, 1791402863773858877, 
-1.7508692741394043, -0.1965462565422058, -2.568735593106192, 1791402863821841078, 
-1.7537915706634521, -0.19848118722438812, -2.549385849057922, 1791402863870549627, 
-1.7567530870437622, -0.20055988430976868, -2.530233938797111, 1791402863918626936, 
-1.7597684860229492, -0.20261409878730774, -2.5117761408246477, 1791402863966540604, 
-1.7626795768737793, -0.20475588738918304, -2.4927763076967318, 1791402864013965620, 
-1.7655922174453735, -0.20690979063510895, -2.4726533699365176, 1791402864062129167, 
-1.768493890762329, -0.20920298993587494, -2.4525670782481335, 1791402864110558824, 
-1.7721186876296997, -0.2121485471725464, -2.427035871986636, 1791402864174071842, 
-1.7749096155166626, -0.21455718576908112, -2.408359548522809, 1791402864221791841, 
-1.7776705026626587, -0.21683454513549805, -2.38994022966606, 1791402864270508046, 
-1.7802869081497192, -0.21931768953800201, -2.371260184224352, 1791402864317838327, 
-1.7828916311264038, -0.22183628380298615, -2.3511167420132306, 1791402864366632094, 
-1.7855192422866821, -0.2244076281785965, -2.3308434315713424, 1791402864414244979, 
-1.7882180213928223, -0.2269665151834488, -2.3108244095353556, 1791402864462245176, 
-1.7908722162246704, -0.22961588203907013, -2.2917052929601334, 1791402864510409336, 
-1.794227123260498, -0.23329953849315643, -2.2668558008759296, 1791402864574613632, 
-1.7967201471328735, -0.23606166243553162, -2.248051555228545, 1791402864622569109, 
-1.7992106676101685, -0.23901225626468658, -2.2285330257215383, 1791402864670576078, 
-1.8015968799591064, -0.2419436126947403, -2.2086825952156195, 1791402864718551104, 
-1.803795576095581, -0.24497222900390625, -2.1886677850756304, 1791402864766636276, 
-1.806725025177002, -0.24899426102638245, -2.1626153461382533, 1791402864830001226, 
-1.8081154823303223, -0.25099360942840576, -2.150658460988908, 1791402864862492805, 
-1.8101714849472046, -0.2540340721607208, -2.1334454307906756, 1791402864910413111, 
-1.8126540184020996, -0.2579936981201172, -2.1101836453954816, 1791402864975679943, 
-1.813449740409851, -0.2591935992240906, -2.1039680982990316, 1791402865022697445, 
-1.8134738206863403, -0.2589852809906006, -2.1030093702626704, 1791402865070548276, 
-1.813420057296753, -0.2587963044643402, -2.1030093702626704, 1791402865118701947, 
-1.8133533000946045, -0.2587186098098755, -2.104175147094726, 1791402865166632341, 
-1.8133602142333984, -0.2586911916732788, -2.104175147094726, 1791402865230330314, 
-1.8133602142333984, -0.2586911916732788, -2.104175147094726, 1791402865278369282, 
-1.8133602142333984, -0.2586911916732788, -2.104175147094726, 1791402865326045103, 
-1.813318133354187, -0.25868383049964905, -2.1044965526294646, 1791402865374555905, 
-1.813318133354187, -0.25868383049964905, -2.1044965526294646, 1791402865421835023, 
-1.813318133354187, -0.25868383049964905, -2.1044965526294646, 1791402865470545387, 
-1.813318133354187, -0.25868383049964905, -2.1044965526294646, 1791402865518602131, 
-1.813318133354187, -0.25868383049964905, -2.1044965526294646, 1791402865566061019, 
-1.813318133354187, -0.25868383049964905, -2.1044965526294646, 1791402865630401037, 
-1.813318133354187, -0.25868383049964905, -2.1044965526294646, 1791402865678086362, 
-1.813318133354187, -0.25868383049964905, -2.1044965526294646, 1791402865709970816, 
-1.813318133354187, -0.25868383049964905, -2.1044965526294646, 1791402865774546219, 
-1.813318133354187, -0.25868383049964905, -2.1044965526294646, 1791402865823647314, 
-1.813318133354187, -0.25868383049964905, -2.1044965526294646, 1791402865870684764, 
-1.813318133354187, -0.25868383049964905, -2.1044965526294646, 1791402865918567023, 
-1.813318133354187, -0.25868383049964905, -2.1044965526294646, 1791402865966089281, 
-1.813318133354187, -0.25868383049964905, -2.1044965526294646, 1791402866030437759, 
-1.813318133354187, -0.25868383049964905, -2.1044965526294646, 1791402866078279185, 
-1.813318133354187, -0.25868383049964905, -2.1044965526294646, 1791402866110562704, 
-1.813318133354187, -0.25868383049964905, -2.1044965526294646, 1791402866173982996, 
-1.813318133354187, -0.25868383049964905, -2.1044965526294646, 1791402866223085284, 
-1.8135926723480225, -0.25888511538505554, -2.101689405771948, 1791402866270558011, 
-1.814687728881836, -0.2609279453754425, -2.0858989617094372, 1791402866318561272, 
-1.8166896104812622, -0.2646530568599701, -2.0673126963332344, 1791402866366679310, 
-1.8196789026260376, -0.2700567841529846, -2.038495812804541, 1791402866430833309, 
-1.8215274810791016, -0.2736937701702118, -2.018977144316189, 1791402866478121158, 
-1.8233038187026978, -0.2772611975669861, -2.001249165345405, 1791402866526634556, 
-1.8250603675842285, -0.2808865010738373, -1.9814135596381537, 1791402866574554416, 
-1.8266371488571167, -0.2846423089504242, -1.961734327887229, 1791402866621866884, 
-1.8283255100250244, -0.2886170446872711, -1.9406179074367507, 1791402866672571738, 
-1.8297829627990723, -0.29225972294807434, -1.9220967539221867, 1791402866718690378, 
-1.8312139511108398, -0.296252578496933, -1.9027827089678506, 1791402866765976373, 
-1.8331505060195923, -0.3016328513622284, -1.8762443876096642, 1791402866831501541, 
-1.8343758583068848, -0.30549857020378113, -1.8567753549442592, 1791402866878041614, 
-1.8355647325515747, -0.3095514178276062, -1.8369739986714404, 1791402866926422101, 
-1.8367760181427002, -0.3134820759296417, -1.817917118146205, 1791402866974621844, 
-1.8378846645355225, -0.3179507851600647, -1.7992648244713954, 1791402867022555411, 
-1.8388566970825195, -0.3222692906856537, -1.7802397586340748, 1791402867071567280, 
-1.8397011756896973, -0.32628723978996277, -1.7612252351410067, 1791402867118683774, 
-1.8405157327651978, -0.3305254876613617, -1.7424394030683694, 1791402867166731706, 
-1.8415696620941162, -0.33610108494758606, -1.7165364292708438, 1791402867231174188, 
-1.8419623374938965, -0.3388061821460724, -1.7045968149591886, 1791402867262325857, 
-1.8425236940383911, -0.3430546522140503, -1.6855864196495731, 1791402867311071051, 
-1.8431199789047241, -0.3485370874404907, -1.6602255350477355, 1791402867373927997, 
-1.8434983491897583, -0.35257917642593384, -1.6403576202462695, 1791402867422135549, 
-1.8437970876693726, -0.3567254841327667, -1.6206393151807859, 1791402867470820420, 
-1.8440158367156982, -0.3608545958995819, -1.6022076127314095, 1791402867518637376, 
-1.844224452972412, -0.36496061086654663, -1.58279828864037, 1791402867566682056, 
-1.84419846534729, -0.37048593163490295, -1.5563939225414887, 1791402867631370634, 
-1.8441516160964966, -0.3732449412345886, -1.543577105287288, 1791402867662646214, 
-1.8439706563949585, -0.37896597385406494, -1.5178836516682317, 1791402867726789598, 
-1.8436737060546875, -0.3833129107952118, -1.4993178118552235, 1791402867774732039, 
-1.8433914184570312, -0.38739094138145447, -1.4806309269793918, 1791402867822358378, 
-1.8430202007293701, -0.39165180921554565, -1.4605708767969305, 1791402867870352982, 
-1.8425397872924805, -0.39612090587615967, -1.4401769000540707, 1791402867918858571, 
-1.8419923782348633, -0.4003989100456238, -1.4212003188310596, 1791402867966396903, 
-1.8410643339157104, -0.4061216413974762, -1.3964990698820758, 1791402868030541799, 
-1.8406044244766235, -0.4088771641254425, -1.3838667502337232, 1791402868062292669, 
-1.8395285606384277, -0.4145630896091461, -1.3580297154573393, 1791402868126274338, 
-1.8386266231536865, -0.41901490092277527, -1.3376806895779136, 1791402868174694173, 
-1.83766508102417, -0.4233783781528473, -1.3184206684367905, 1791402868222149542, 
-1.8365368843078613, -0.4275336265563965, -1.2997514332409534, 1791402868271113296, 
-1.8354696035385132, -0.43151378631591797, -1.2797585598788646, 1791402868319412281, 
-1.8342459201812744, -0.4355527460575104, -1.2605761946038698, 1791402868366091598, 
-1.8324451446533203, -0.4414355754852295, -1.2343368549852136, 1791402868431144644, 
-1.8314059972763062, -0.44429051876068115, -1.2222268931387936, 1791402868462211026, 
-1.8292186260223389, -0.4498957395553589, -1.1968460556210962, 1791402868526097931, 
-1.8277004957199097, -0.45386508107185364, -1.1775629372963317, 1791402868574400712, 
-1.8261209726333618, -0.45768705010414124, -1.1582042978701206, 1791402868622127009, 
-1.8242298364639282, -0.4618874192237854, -1.1388369200572874, 1791402868670312814, 
-1.8222225904464722, -0.4661552608013153, -1.119236972622036, 1791402868717963291, 
-1.820225477218628, -0.4701947569847107, -1.1004478603462786, 1791402868765793009, 
-1.817562460899353, -0.4754626750946045, -1.0745401061291142, 1791402868830119920, 
-1.8154296875, -0.4794313311576843, -1.0549554925252589, 1791402868879488023, 
-1.814079999923706, -0.48189592361450195, -1.0422522437573822, 1791402868909843724, 
-1.8109945058822632, -0.4870162010192871, -1.0155864452162437, 1791402868974614143, 
-1.8085522651672363, -0.49088311195373535, -0.9958980740488794, 1791402869022693233, 
-1.8061800003051758, -0.4946840703487396, -0.9773070783047052, 1791402869070783503, 
-1.803597331047058, -0.4984103739261627, -0.9593576893141607, 1791402869118047329, 
-1.8010845184326172, -0.5019396543502808, -0.9409571479268537, 1791402869167645270, 
-1.7992292642593384, -0.5047345161437988, -0.9261711572963237, 1791402869230140451, 
-1.7990448474884033, -0.5051143765449524, -0.9243856805462722, 1791402869261794292, 
-1.7992658615112305, -0.5049136877059937, -0.9251158702691202, 1791402869309795671, 
-1.799569845199585, -0.5047417283058167, -0.925115870268665, 1791402869373880605, 
-1.7994998693466187, -0.5047517418861389, -0.925115870268665, 1791402869421805297, 
-1.7994619607925415, -0.5047857761383057, -0.925115870268665, 1791402869470565831, 
-1.799448013305664, -0.504787802696228, -0.925115870268665, 1791402869518684849, 
-1.799448013305664, -0.504787802696228, -0.925115870268665, 1791402869567222167, 
-1.799448013305664, -0.504787802696228, -0.925115870268665, 1791402869614433070, 
-1.799458384513855, -0.5048993825912476, -0.924272083687882, 1791402869661966866, 
-1.7973979711532593, -0.5072290897369385, -0.9078360947179419, 1791402869727164801, 
-1.794558048248291, -0.5108802318572998, -0.8901039201064307, 1791402869774673619, 
-1.7912921905517578, -0.5149369835853577, -0.8702495067501673, 1791402869822594843, 
-1.788032054901123, -0.5186347365379333, -0.8509651162831252, 1791402869870619470, 
-1.7849233150482178, -0.5221084356307983, -0.8310806013398324, 1791402869918772965, 
-1.7815734148025513, -0.5257226228713989, -0.8107680442736943, 1791402869967642460, 
-1.7770508527755737, -0.5304111838340759, -0.785529869822172, 1791402870030004045, 
-1.7747132778167725, -0.5326277613639832, -0.7725852716677399, 1791402870062447947, 
-1.7714840173721313, -0.5358981490135193, -0.7525427993784226, 1791402870110076377, 
-1.7666583061218262, -0.5403969287872314, -0.72611844715796, 1791402870176600994, 
-1.7631664276123047, -0.5435484647750854, -0.7075944861766517, 1791402870222598723, 
-1.7594995498657227, -0.5466665029525757, -0.6874498357698247, 1791402870270895423, 
-1.7557690143585205, -0.5496228933334351, -0.6686214270582863, 1791402870318681846, 
-1.7519950866699219, -0.5526525378227234, -0.649683491702465, 1791402870365826043, 
-1.746945858001709, -0.5564714074134827, -0.6247232288018632, 1791402870430250420, 
-1.7430016994476318, -0.5592626929283142, -0.605410525148401, 1791402870478672125, 
-1.7401490211486816, -0.5611000061035156, -0.5922180740757188, 1791402870510978110, 
-1.7348145246505737, -0.5647305250167847, -0.5664295643602358, 1791402870575167917, 
-1.7306586503982544, -0.5673016309738159, -0.5479784513620393, 1791402870622603785, 
-1.7265052795410156, -0.5698164701461792, -0.5282702495979654, 1791402870671757165, 
-1.7223727703094482, -0.57208251953125, -0.509179828288132, 1791402870718736807, 
-1.7180625200271606, -0.5744736790657043, -0.49024040559082704, 1791402870766626107, 
-1.7124594449996948, -0.5773565769195557, -0.4646912773207989, 1791402870830738176, 
-1.709758996963501, -0.5786253809928894, -0.45125394892875126, 1791402870862315203, 
-1.7054883241653442, -0.5806576013565063, -0.4308104177344541, 1791402870910117135, 
-1.7000961303710938, -0.5832863450050354, -0.4074118419637189, 1791402870974147695, 
-1.697759985923767, -0.5842553973197937, -0.39910274135755397, 1791402871022604047, 
-1.6964067220687866, -0.5850618481636047, -0.3907861133687363, 1791402871070697401, 
-1.6924999952316284, -0.5864088535308838, -0.37291752223762326, 1791402871118602033, 
-1.6874005794525146, -0.5882912278175354, -0.3516155150545688, 1791402871166149003, 
-1.679988980293274, -0.5911840796470642, -0.32384200897748716, 1791402871231723328, 
-1.6752921342849731, -0.5925741195678711, -0.30586660060971327, 1791402871278665596, 
-1.6710785627365112, -0.5939867496490479, -0.28746756028942694, 1791402871326766992, 
-1.666812777519226, -0.5952216982841492, -0.26908843890962864, 1791402871374623882, 
-1.6622110605239868, -0.5964624285697937, -0.2512225192707389, 1791402871423683027, 
-1.6573954820632935, -0.5975764393806458, -0.2321351733341433, 1791402871470977420, 
-1.6525670289993286, -0.5986302495002747, -0.21189706002790987, 1791402871518771783, 
-1.6480705738067627, -0.5997286438941956, -0.19276611515172057, 1791402871565816281, 
-1.644423007965088, -0.6005549430847168, -0.17950690264240848, 1791402871630560452, 
-1.6440259218215942, -0.6007794141769409, -0.1768390108456488, 1791402871678717789, 
-1.6442670822143555, -0.6007924675941467, -0.17747420380288406, 1791402871726710345, 
-1.6445592641830444, -0.6007609963417053, -0.17785804430534705, 1791402871774716604, 
-1.6446031332015991, -0.6007225513458252, -0.1778580895338941, 1791402871821920367, 
-1.6445708274841309, -0.60076904296875, -0.17785813476371315, 1791402871870708076, 
-1.6445708274841309, -0.60076904296875, -0.1778581950708017, 1791402871918706420, 
-1.6445708274841309, -0.60076904296875, -0.17785824029870512, 1791402871966775065, 
-1.6445708274841309, -0.60076904296875, -0.177858315681739, 1791402872030456466, 
-1.6440099477767944, -0.6007415652275085, -0.17465880349624535, 1791402872078176011, 
-1.6423178911209106, -0.6009314060211182, -0.16657863612976523, 1791402872110138488, 
-1.6366560459136963, -0.601861834526062, -0.1450134137384936, 1791402872174268009, 
-1.6308616399765015, -0.6026637554168701, -0.12479891464632907, 1791402872222288465, 
-1.624941349029541, -0.6033385992050171, -0.10378410976621119, 1791402872271823176, 
-1.6198234558105469, -0.603813648223877, -0.08437690989201262, 1791402872318617465, 
-1.6146818399429321, -0.6041994094848633, -0.0654725890640357, 1791402872366781446, 
-1.6081420183181763, -0.604625940322876, -0.03966514904111324, 1791402872431320584, 
-1.6048595905303955, -0.6047917604446411, -0.027000428396758373, 1791402872462696226, 
-1.5978378057479858, -0.6048828959465027, -0.001210345734748007, 1791402872526164323, 
-1.5928808450698853, -0.6050300002098083, 0.018379282861691475, 1791402872574722635, 
-1.587854266166687, -0.6048852205276489, 0.0374326860667835, 1791402872621800827, 
-1.5822924375534058, -0.6045804619789124, 0.058113046509323835, 1791402872672701086, 
-1.57710862159729, -0.6042372584342957, 0.07770168566098942, 1791402872719751772, 
-1.5719995498657227, -0.6038162708282471, 0.096150474850927, 1791402872766738074, 
-1.5649757385253906, -0.6030516624450684, 0.12290177838570268, 1791402872832646392, 
-1.5601011514663696, -0.602394163608551, 0.14090754247469992, 1791402872878552738, 
-1.554795742034912, -0.6017287969589233, 0.16038298141713353, 1791402872926196413, 
-1.551207423210144, -0.6010718941688538, 0.1737606942163104, 1791402872959759830, 
-1.5445976257324219, -0.5998968482017517, 0.19886133704253986, 1791402873022642888, 
-1.5393325090408325, -0.5987298488616943, 0.21852263954821483, 1791402873071743666, 
-1.5343486070632935, -0.597646176815033, 0.23794159253054803, 1791402873119973602, 
-1.5295485258102417, -0.5964803099632263, 0.25699595841250394, 1791402873166790771, 
-1.5226736068725586, -0.5946661233901978, 0.2833369182848985, 1791402873230982264, 
-1.5197120904922485, -0.5938873291015625, 0.29512903006168656, 1791402873262637880, 
-1.5158154964447021, -0.5927528142929077, 0.30816381530513093, 1791402873326311018, 
-1.5154752731323242, -0.5926371812820435, 0.3090789367628819, 1791402873373954403, 
-1.5157939195632935, -0.5927906632423401, 0.3090789367628819, 1791402873422643226, 
-1.5159744024276733, -0.593015730381012, 0.3090789367628819, 1791402873470976928, 
-1.5160671472549438, -0.5930066704750061, 0.30832049026207964, 1791402873519920949, 
-1.5159554481506348, -0.5929790139198303, 0.30918556471344, 1791402873566719001, 
-1.5127698183059692, -0.5916549563407898, 0.32361511921778524, 1791402873630843874, 
-1.5100429058074951, -0.5908092260360718, 0.33324814394106256, 1791402873662239852, 
-1.5030384063720703, -0.5882654786109924, 0.3573052174691326, 1791402873725965226, 
-1.4973465204238892, -0.5861544609069824, 0.37730254374189187, 1791402873774407833, 
-1.4919987916946411, -0.5839926600456238, 0.39795676878978686, 1791402873822171145, 
-1.4868345260620117, -0.58185875415802, 0.4180318966719964, 1791402873871720639, 
-1.4824086427688599, -0.5799279808998108, 0.43903700880330415, 1791402873918956198, 
-1.4777562618255615, -0.5777483582496643, 0.4588840697393795, 1791402873967126356, 
-1.4711216688156128, -0.5744306445121765, 0.48427114661448734, 1791402874030841134, 
-1.4663013219833374, -0.5717259049415588, 0.5023731070611376, 1791402874077800682, 
-1.4631267786026, -0.5699216723442078, 0.5156744861763501, 1791402874111670125, 
-1.456926941871643, -0.5664209723472595, 0.541199286603162, 1791402874173858336, 
-1.4522348642349243, -0.5635349154472351, 0.5601303739819183, 1791402874221918611, 
-1.4475698471069336, -0.5607035160064697, 0.5799505837327906, 1791402874271676666, 
-1.4431530237197876, -0.5578570365905762, 0.5980230893298343, 1791402874318315226, 
-1.4383054971694946, -0.5546896457672119, 0.617881863486598, 1791402874367887728, 
-1.4326426982879639, -0.5506837964057922, 0.643596791451391, 1791402874431534237, 
-1.4298124313354492, -0.548564076423645, 0.6561421178575025, 1791402874462452183, 
-1.4253089427947998, -0.5452139377593994, 0.6756799127537843, 1791402874511372813, 
-1.419636607170105, -0.5406683087348938, 0.701313298483008, 1791402874575626827, 
-1.4153263568878174, -0.537180483341217, 0.7202834652082759, 1791402874622874471, 
-1.4111638069152832, -0.533467173576355, 0.7394384737736914, 1791402874671635135, 
-1.4071046113967896, -0.5297432541847229, 0.7584883436155632, 1791402874719733595, 
-1.4030882120132446, -0.5260475873947144, 0.7783252408868014, 1791402874767218650, 
-1.3976528644561768, -0.5207973122596741, 0.8032263393262206, 1791402874831430388, 
-1.3951517343521118, -0.5181664228439331, 0.8154732101891349, 1791402874862146240, 
-1.3911476135253906, -0.5140516757965088, 0.8346456020565908, 1791402874911547501, 
-1.386294960975647, -0.5087569952011108, 0.8605500454165358, 1791402874975682226, 
-1.3828749656677246, -0.5047339200973511, 0.8806525650211935, 1791402875021808654, 
-1.3792823553085327, -0.5004730820655823, 0.9006625527085679, 1791402875070664112, 
-1.375602126121521, -0.4957864582538605, 0.9199503570164352, 1791402875119647934, 
-1.3723727464675903, -0.49152296781539917, 0.939111870810093, 1791402875167067447, 
-1.3690518140792847, -0.48706477880477905, 0.9576995369929078, 1791402875214569800, 
-1.3658123016357422, -0.4823768734931946, 0.9767505190913951, 1791402875261937556, 
-1.3615971803665161, -0.4757017195224762, 1.0039390500578602, 1791402875327050050, 
-1.358595848083496, -0.47103652358055115, 1.0234259785777575, 1791402875373881374, 
-1.3557510375976562, -0.4660576581954956, 1.043453194530085, 1791402875422933759, 
-1.3530851602554321, -0.4614250659942627, 1.0634990993713358, 1791402875470734903, 
-1.3501898050308228, -0.45632362365722656, 1.083888097360667, 1791402875518760409, 
-1.347481369972229, -0.4510402977466583, 1.1039568060860334, 1791402875567656709, 
-1.344295859336853, -0.4445286989212036, 1.1289086485993052, 1791402875630034668, 
-1.3418152332305908, -0.4392172694206238, 1.1476467825331742, 1791402875679175401, 
-1.339443325996399, -0.43359482288360596, 1.1668428444615193, 1791402875726859530, 
-1.3373066186904907, -0.4282837510108948, 1.1858335441434549, 1791402875775721926, 
-1.3351805210113525, -0.42295435070991516, 1.2046389833491595, 1791402875821843160, 
-1.333322286605835, -0.4176599979400635, 1.2233492073205139, 1791402875870761694, 
-1.3314145803451538, -0.4123823344707489, 1.243240881102222, 1791402875918736604, 
-1.3296927213668823, -0.4068225622177124, 1.263109824451058, 1791402875965860851, 
-1.3275407552719116, -0.3996708393096924, 1.2892064518109576, 1791402876029906883, 
-1.3258535861968994, -0.3940564692020416, 1.308860964084292, 1791402876079527612, 
-1.324897050857544, -0.39035409688949585, 1.3210354471190648, 1791402876110155145, 
-1.3230750560760498, -0.38282322883605957, 1.347360335299503, 1791402876175221374, 
-1.321681261062622, -0.37706810235977173, 1.3674623525895542, 1791402876223641971, 
-1.3207441568374634, -0.3720088303089142, 1.3843877768088546, 1791402876270708690, 
-1.3201735019683838, -0.368565171957016, 1.3942085283214167, 1791402876317851296, 
-1.3197394609451294, -0.3675591051578522, 1.4000572770074695, 1791402876366656050, 
-1.3196638822555542, -0.3677651584148407, 1.4000572770074695, 1791402876414350448, 
-1.319771409034729, -0.36832401156425476, 1.3972959004410295, 1791402876463653766, 
-1.3199093341827393, -0.3684721887111664, 1.3972954265071023, 1791402876509954043, 
-1.3198188543319702, -0.3683054447174072, 1.3972949658097749, 1791402876573953518, 
-1.3198304176330566, -0.3683135509490967, 1.3972944918760284, 1791402876624593516, 
-1.3198062181472778, -0.3676144480705261, 1.4021773689143824, 1791402876670900774, 
-1.3195756673812866, -0.3647732734680176, 1.4132759915753548, 1791402876719675684, 
-1.3188508749008179, -0.36020490527153015, 1.4268511041245617, 1791402876766898242, 
-1.318035364151001, -0.35235777497291565, 1.4510825263548957, 1791402876831773651, 
-1.3173234462738037, -0.34598562121391296, 1.4724675466191937, 1791402876879594767, 
-1.3168123960494995, -0.3417627811431885, 1.4864735987916786, 1791402876911734926, 
-1.3163461685180664, -0.33390623331069946, 1.5126880064614052, 1791402876975342609, 
-1.3157469034194946, -0.3281758427619934, 1.5316746447610952, 1791402877023270349, 
-1.315735101699829, -0.3222811222076416, 1.548687681841405, 1791402877069919829, 
-1.3156083822250366, -0.3161078095436096, 1.568257339009558, 1791402877119744642, 
-1.3155721426010132, -0.31010204553604126, 1.5877283572395502, 1791402877166741346, 
-1.3158892393112183, -0.30209478735923767, 1.615154054154517, 1791402877230714624, 
-1.316109299659729, -0.29585903882980347, 1.6351299721662091, 1791402877279159342, 
-1.316547155380249, -0.28993403911590576, 1.6534004789528234, 1791402877326404441, 
-1.3169875144958496, -0.28565341234207153, 1.666607245356159, 1791402877359707832, 
-1.317846417427063, -0.27787262201309204, 1.6917730862989304, 1791402877422443223, 
-1.3187354803085327, -0.27186185121536255, 1.7105505289233058, 1791402877470855802, 
-1.3196898698806763, -0.26604193449020386, 1.7293497461268021, 1791402877519685927, 
-1.3207073211669922, -0.26014605164527893, 1.7477625799539112, 1791402877566985417, 
-1.3223403692245483, -0.2520512044429779, 1.7730312203213032, 1791402877632105051, 
-1.3231724500656128, -0.2482564002275467, 1.785333208432883, 1791402877663711967, 
-1.324562668800354, -0.24222637712955475, 1.8050637955008502, 1791402877712161573, 
-1.3265875577926636, -0.2345028966665268, 1.8300693528378957, 1791402877774984474, 
-1.3281528949737549, -0.22883528470993042, 1.8480906878668684, 1791402877822777666, 
-1.3300329446792603, -0.2226671725511551, 1.8674701542752845, 1791402877872781897, 
-1.33174729347229, -0.2169559746980667, 1.8863367058557097, 1791402877918885430, 
-1.3338384628295898, -0.2111475020647049, 1.9047343032422315, 1791402877966897463, 
-1.3366204500198364, -0.20332257449626923, 1.9312460574404984, 1791402878030927575, 
-1.338067889213562, -0.199439138174057, 1.9443508877530247, 1791402878062955560, 
-1.3410937786102295, -0.19214873015880585, 1.9702685981221737, 1791402878126029020, 
-1.343489646911621, -0.1864830106496811, 1.990735716659882, 1791402878175675187, 
-1.3461527824401855, -0.18068566918373108, 2.010025582057617, 1791402878223753356, 
-1.3488860130310059, -0.1752074956893921, 2.0294532846765665, 1791402878270835699, 
-1.3516993522644043, -0.16964276134967804, 2.0482382711053564, 1791402878318908014, 
-1.3546687364578247, -0.1644008308649063, 2.0670881839070336, 1791402878365866168, 
-1.3588740825653076, -0.15689514577388763, 2.094274125782508, 1791402878431374480, 
-1.362005591392517, -0.15151289105415344, 2.1136593369941377, 1791402878479372587, 
-1.364176630973816, -0.14795054495334625, 2.1266212298581797, 1791402878510923546, 
-1.3685659170150757, -0.14107681810855865, 2.152347034030993, 1791402878575699100, 
-1.3721295595169067, -0.13591578602790833, 2.172804890003672, 1791402878623676217, 
-1.3758361339569092, -0.130685955286026, 2.19267245884853, 1791402878671579221, 
-1.3797564506530762, -0.12554024159908295, 2.211364440185682, 1791402878720137546, 
-1.3835002183914185, -0.1208433136343956, 2.2295557745512236, 1791402878766938344, 
-1.3888154029846191, -0.11423064768314362, 2.2552536911444947, 1791402878831759321, 
-1.391554594039917, -0.11102381348609924, 2.2681572035963473, 1791402878863565288, 
-1.3970887660980225, -0.10475361347198486, 2.2939376444202417, 1791402878927065614, 
-1.401357650756836, -0.10014628618955612, 2.3128985734242256, 1791402878975333799, 
-1.4056059122085571, -0.0957312062382698, 2.3316814731090796, 1791402879022194354, 
-1.410306692123413, -0.09083928912878036, 2.3505725701113116, 1791402879071089866, 
-1.414833426475525, -0.08632975071668625, 2.3690553635639517, 1791402879119676584, 
-1.4194529056549072, -0.08205503225326538, 2.3876939513181585, 1791402879167311023, 
-1.4260506629943848, -0.07638058066368103, 2.4136662489501033, 1791402879231051862, 
-1.4293491840362549, -0.07349708676338196, 2.4273111830151857, 1791402879262794175, 
-1.4342107772827148, -0.0693344846367836, 2.447422889427022, 1791402879311400287, 
-1.4407464265823364, -0.06410568207502365, 2.473641598871019, 1791402879375254413, 
-1.4458950757980347, -0.060143936425447464, 2.492553686962618, 1791402879423135706, 
-1.4511182308197021, -0.05636313930153847, 2.5114764747590352, 1791402879471435008, 
-1.4562667608261108, -0.05257977545261383, 2.531092045787243, 1791402879518801402, 
-1.4614859819412231, -0.049035459756851196, 2.5496852812341526, 1791402879567624173, 
-1.468722939491272, -0.044554274529218674, 2.574399447463349, 1791402879631226235, 
-1.4722814559936523, -0.04228856414556503, 2.5882493361650187, 1791402879663126999, 
-1.4796279668807983, -0.0380491279065609, 2.616447479427997, 1791402879727485775, 
-1.4853463172912598, -0.034847140312194824, 2.6359001036238268, 1791402879775224071, 
-1.4912047386169434, -0.03174373880028725, 2.6550719183816436, 1791402879822984372, 
-1.496964693069458, -0.028772322461009026, 2.674493051824663, 1791402879871753427, 
-1.5028775930404663, -0.02595222182571888, 2.693334554251433, 1791402879919600988, 
-1.5090160369873047, -0.023150919005274773, 2.713405316923444, 1791402879968318552, 
-1.5169609785079956, -0.019709110260009766, 2.7384622093610096, 1791402880031485519, 
-1.5230965614318848, -0.01728963665664196, 2.757227887451265, 1791402880079200016, 
-1.527115821838379, -0.015652533620595932, 2.7704017779240484, 1791402880111515109, 
-1.5351336002349854, -0.012725145556032658, 2.7962402606297796, 1791402880175720387, 
-1.5413583517074585, -0.010554570704698563, 2.8149802604645053, 1791402880223707560, 
-1.547861933708191, -0.0086575448513031, 2.8334770257193096, 1791402880271672812, 
-1.554078459739685, -0.00684976065531373, 2.852226534960677, 1791402880319131385, 
-1.5605385303497314, -0.005069664213806391, 2.870953825099602, 1791402880368717652, 
-1.5690042972564697, -0.003092682920396328, 2.8957893940766337, 1791402880431467837, 
-1.5734225511550903, -0.0019774099346250296, 2.908925785425128, 1791402880462922568, 
-1.5818538665771484, -0.00021917824051342905, 2.9359836683799094, 1791402880527228534, 
-1.5884474515914917, 0.001118549145758152, 2.9560658775533777, 1791402880575227240, 
-1.5949918031692505, 0.0021887868642807007, 2.9756078707899034, 1791402880622938690, 
-1.6017963886260986, 0.003223756095394492, 2.995511524088443, 1791402880670835145, 
-1.6083030700683594, 0.004156741313636303, 3.0142750643924012, 1791402880719692625, 
-1.614936351776123, 0.004844997078180313, 3.0337779572364805, 1791402880767771802, 
-1.623831033706665, 0.005685605574399233, 3.0602855644766946, 1791402880831344941, 
-1.6303701400756836, 0.006118911784142256, 3.079379334477654, 1791402880879407950, 
-1.6370253562927246, 0.00652429461479187, 3.098186016842214, 1791402880927610170, 
-1.643814206123352, 0.006641724146902561, 3.11793684536068, 1791402880976226425, 
-1.6506452560424805, 0.00680402759462595, 3.1373713016070965, 1791402881022813575, 
-1.6572314500808716, 0.00676283473148942, -3.12701534880367, 1791402881071732809, 
-1.6639069318771362, 0.006571782287210226, -3.1078572251127787, 1791402881119729648, 
-1.6708474159240723, 0.006178429815918207, -3.0881972294421356, 1791402881167771819, 
-1.677552580833435, 0.00560534093528986, -3.068236109037592, 1791402881215777544, 
-1.6841850280761719, 0.005102369002997875, -3.0484640459320573, 1791402881263437417, 
-1.6907869577407837, 0.004375093150883913, -3.0292615888494505, 1791402881311267310, 
-1.6995782852172852, 0.0032766987569630146, -3.0037235977902097, 1791402881374827956, 
-1.7063490152359009, 0.00212397170253098, -2.9849328692174515, 1791402881423760748, 
-1.7130110263824463, 0.0010331739904358983, -2.9654035268957046, 1791402881470884659, 
-1.7195186614990234, -0.0003611801948864013, -2.947342148184503, 1791402881519730706, 
-1.7259676456451416, -0.001699932268820703, -2.92855889151906, 1791402881566788015, 
-1.7326781749725342, -0.003110008779913187, -2.9077897030547613, 1791402881615786836, 
-1.7388556003570557, -0.004654249642044306, -2.887712459012726, 1791402881663052701, 
-1.7436013221740723, -0.0057370224967598915, -2.8751752836917697, 1791402881711089787, 
-1.746216893196106, -0.006480403244495392, -2.8671007236596826, 1791402881774340961, 
-1.7463488578796387, -0.00641559949144721, -2.8651425974751112, 1791402881823026293, 
-1.745905876159668, -0.006241887807846069, -2.8664545986632612, 1791402881870890925, 
-1.7456012964248657, -0.006115500815212727, -2.8673488975333625, 1791402881918838517, 
-1.7455451488494873, -0.006130951456725597, -2.8673488975333625, 1791402881966894250, 
-1.7455644607543945, -0.006136328913271427, -2.8673488975333625, 1791402882031675530, 
-1.746335744857788, -0.00649929977953434, -2.863296503730962, 1791402882079322733, 
-1.7493833303451538, -0.00767116341739893, -2.8530950545457587, 1791402882127307655, 
-1.7543731927871704, -0.009140390902757645, -2.8396746570599944, 1791402882175731309, 
-1.7608015537261963, -0.011220297776162624, -2.822142576433956, 1791402882224047935, 
-1.7675431966781616, -0.01375797763466835, -2.8025079261456267, 1791402882270848402, 
-1.7745822668075562, -0.016115417703986168, -2.782052255848477, 1791402882318900398, 
-1.7811402082443237, -0.018605470657348633, -2.7613124367128346, 1791402882366886499, 
-1.7874748706817627, -0.021256186068058014, -2.7422852339456862, 1791402882415724095, 
-1.79571533203125, -0.024858806282281876, -2.717285648170261, 1791402882479630544, 
-1.802230954170227, -0.02783777564764023, -2.698058433163967, 1791402882527337551, 
-1.808319091796875, -0.030770257115364075, -2.679020121634124, 1791402882575786852, 
-1.8145455121994019, -0.03390146419405937, -2.659729972110304, 1791402882623694573, 
-1.8204660415649414, -0.0370950922369957, -2.6405811343046492, 1791402882671717828, 
-1.8263342380523682, -0.040441401302814484, -2.62123247026344, 1791402882719756218, 
-1.832353949546814, -0.04384111613035202, -2.6016721077692777, 1791402882766894814, 
-1.840585708618164, -0.048813190311193466, -2.5757075229532003, 1791402882831628114, 
-1.846450924873352, -0.05262681841850281, -2.5562180530824503, 1791402882879031649, 
-1.8522237539291382, -0.056543391197919846, -2.5366268179546307, 1791402882927557842, 
-1.8561245203018188, -0.059209104627370834, -2.5240966967500276, 1791402882958900630, 
-1.863408088684082, -0.0646689161658287, -2.4993492904336296, 1791402883022937971, 
-1.8691298961639404, -0.0689656138420105, -2.4796476767197646, 1791402883072806143, 
-1.8744831085205078, -0.07336991280317307, -2.4605665369033227, 1791402883118803548, 
-1.8797966241836548, -0.07787493616342545, -2.4417840197201084, 1791402883167743313, 
-1.8850210905075073, -0.08254935592412949, -2.4230870634451738, 1791402883215756569, 
-1.8903944492340088, -0.08734394609928131, -2.403659584061464, 1791402883262888525, 
-1.897472620010376, -0.09380784630775452, -2.3772564193540617, 1791402883326676842, 
-1.9026048183441162, -0.09884421527385712, -2.357952114942187, 1791402883375568785, 
-1.9073988199234009, -0.10398581624031067, -2.337883256802559, 1791402883422909518, 
-1.9123752117156982, -0.10935577005147934, -2.317531967753599, 1791402883472738882, 
-1.9170265197753906, -0.11459783464670181, -2.2982646165953766, 1791402883519758805, 
-1.9219073057174683, -0.11985184997320175, -2.279219687819602, 1791402883567764919, 
-1.9267315864562988, -0.12541738152503967, -2.2605580681545048, 1791402883614917195, 
-1.931199550628662, -0.13084301352500916, -2.2412842145387883, 1791402883663573420, 
-1.9369068145751953, -0.13832172751426697, -2.215186215528507, 1791402883726951417, 
-1.9399412870407104, -0.14210662245750427, -2.202384282403023, 1791402883759768069, 
-1.9454237222671509, -0.14974762499332428, -2.176898027419881, 1791402883822911353, 
-1.9496744871139526, -0.15594197809696198, -2.156544623203081, 1791402883871815644, 
-1.9535681009292603, -0.16210804879665375, -2.1372208391592467, 1791402883921035402, 
-1.9572763442993164, -0.16799435019493103, -2.119119227278805, 1791402883967763217, 
-1.9622031450271606, -0.17658458650112152, -2.0935514934534645, 1791402884030807213, 
-1.9657878875732422, -0.1829511970281601, -2.072674615078947, 1791402884080175332, 
-1.968915581703186, -0.1891537308692932, -2.0527504510350383, 1791402884127452785, 
-1.9721148014068604, -0.1957639902830124, -2.034706665099392, 1791402884175788786, 
-1.9751957654953003, -0.2023305743932724, -2.0154986454175177, 1791402884223746131, 
-1.9782122373580933, -0.2090519666671753, -1.9960157266809802, 1791402884271918522, 
-1.981135606765747, -0.2159230262041092, -1.9767684537622565, 1791402884320714578, 
-1.9839168787002563, -0.22251306474208832, -1.9580206392631272, 1791402884366898923, 
-1.9866600036621094, -0.2292547971010208, -1.9375781201720352, 1791402884419387088, 
-1.9891815185546875, -0.23600593209266663, -1.9182066754272504, 1791402884463645411, 
-1.9922300577163696, -0.24544747173786163, -1.8919929613798105, 1791402884526834227, 
-1.9945448637008667, -0.2524430453777313, -1.872938263009228, 1791402884575676476, 
-1.996498465538025, -0.2593255639076233, -1.8538358301463904, 1791402884623106420, 
-1.998396396636963, -0.2659391462802887, -1.8356912694039698, 1791402884671097714, 
-1.9996020793914795, -0.27060872316360474, -1.8234097733292047, 1791402884719497045, 
-2.000562906265259, -0.2738977074623108, -1.8127290262199975, 1791402884767589449, 
-2.0021579265594482, -0.28201642632484436, -1.7895236784720874, 1791402884831426888, 
-2.0030720233917236, -0.2869282066822052, -1.7759595937891668, 1791402884862791349, 
-2.0047271251678467, -0.295265793800354, -1.75608133200931, 1791402884910795421, 
-2.006221294403076, -0.30550292134284973, -1.7301931176979424, 1791402884975213382, 
-2.0072736740112305, -0.31264832615852356, -1.711099158426969, 1791402885023273652, 
-2.0080409049987793, -0.31957459449768066, -1.6921822922891119, 1791402885072002535, 
-2.0086891651153564, -0.32660582661628723, -1.6741618336145587, 1791402885119112921, 
-2.0092613697052, -0.33386868238449097, -1.6536581370714951, 1791402885168348140, 
-2.0098061561584473, -0.34362703561782837, -1.6285621835600537, 1791402885231105345, 
-2.0098302364349365, -0.3486810028553009, -1.6157579622761846, 1791402885262911147, 
-2.0099103450775146, -0.3562217056751251, -1.5964800420446845, 1791402885311308765, 
-2.0096991062164307, -0.36638155579566956, -1.570075144969079, 1791402885375393944, 
-2.009312391281128, -0.37371253967285156, -1.5506132850202736, 1791402885423756057, 
-2.0089948177337646, -0.3809843957424164, -1.530656817934416, 1791402885471711089, 
-2.0084316730499268, -0.3886858820915222, -1.5108964449082576, 1791402885519052437, 
-2.0078866481781006, -0.39625439047813416, -1.4915062101259142, 1791402885568766801, 
-2.007075548171997, -0.4034646153450012, -1.4737838156618066, 1791402885614962938, 
-2.006094217300415, -0.41104280948638916, -1.454725938002715, 1791402885662970358, 
-2.0049891471862793, -0.41845792531967163, -1.4351502427014446, 1791402885711765004, 
-2.003471612930298, -0.4283756911754608, -1.409241194472936, 1791402885775772036, 
-2.002195358276367, -0.43579813838005066, -1.3899246494971234, 1791402885823086823, 
-2.0007758140563965, -0.4431384205818176, -1.3702099605748572, 1791402885870977631, 
-1.9989678859710693, -0.45065709948539734, -1.3513792652856549, 1791402885919100664, 
-1.9971647262573242, -0.4579713046550751, -1.3322880289540344, 1791402885967833929, 
-1.9952402114868164, -0.4650372266769409, -1.3137768185537626, 1791402886015154419, 
-1.9932019710540771, -0.4723859429359436, -1.29359675638216, 1791402886063622156, 
-1.990189552307129, -0.48188284039497375, -1.2680401760597204, 1791402886128739899, 
-1.988877534866333, -0.4861587584018707, -1.2565722717707792, 1791402886159775303, 
-1.9865360260009766, -0.4928625524044037, -1.239229997240361, 1791402886222816252, 
-1.9857438802719116, -0.495360404253006, -1.2317246121365784, 1791402886271704570, 
-1.9855104684829712, -0.4961945414543152, -1.2280941428285175, 1791402886319212559, 
-1.9854589700698853, -0.49629876017570496, -1.2273381154066125, 1791402886367841725, 
-1.9842902421951294, -0.4990009069442749, -1.219266102974018, 1791402886416242139, 
-1.9823739528656006, -0.5034297108650208, -1.2062204834937507, 1791402886463201710, 
-1.9798771142959595, -0.5098639726638794, -1.191177719891336, 1791402886510826177, 
-1.9753259420394897, -0.5197727084159851, -1.1641732613382088, 1791402886576300761, 
-1.9720011949539185, -0.5271527767181396, -1.1436829952889742, 1791402886623632982, 
-1.9686425924301147, -0.5341718792915344, -1.123558662664392, 1791402886670850178, 
-1.9651367664337158, -0.5408862829208374, -1.1053934617537935, 1791402886719051268, 
-1.9614912271499634, -0.5476327538490295, -1.0859104075928223, 1791402886766793190, 
-1.9564993381500244, -0.5563910603523254, -1.0599191790208833, 1791402886831504167, 
-1.9526691436767578, -0.562758207321167, -1.040534601737116, 1791402886878910694, 
-1.9499809741973877, -0.5670514106750488, -1.0273177909876696, 1791402886911632243, 
-1.946051001548767, -0.5733543038368225, -1.0077020592724448, 1791402886958891000, 
-1.9420982599258423, -0.5793102979660034, -0.9898093480800078, 1791402887022803512, 
-1.9406901597976685, -0.5815436244010925, -0.9819571986838901, 1791402887070797131, 
-1.9401689767837524, -0.5823830366134644, -0.9788650119648141, 1791402887118956355, 
-1.9402744770050049, -0.5823333263397217, -0.9788650119648141, 1791402887167055829, 
-1.9404798746109009, -0.582206130027771, -0.9788650119648141, 1791402887232311773, 
-1.940490961074829, -0.5821895003318787, -0.9788650119648141, 1791402887279197776, 
-1.940490961074829, -0.5821895003318787, -0.9788650119648141, 1791402887310793372, 
-1.940490961074829, -0.5821895003318787, -0.9788650119648141, 1791402887375190786, 
-1.940490961074829, -0.5821895003318787, -0.9788650119648141, 1791402887424694049, 
-1.9402766227722168, -0.58235764503479, -0.9777212554226132, 1791402887470802211, 
-1.9386461973190308, -0.5845677852630615, -0.9690070849119391, 1791402887518800623, 
-1.9358245134353638, -0.5884807705879211, -0.9577558094347056, 1791402887566809073, 
-1.930495023727417, -0.5953177213668823, -0.9369432619279467, 1791402887631286079, 
-1.927051305770874, -0.5997377038002014, -0.9240947692460796, 1791402887664397099, 
-1.9202405214309692, -0.6085070967674255, -0.8971215359785247, 1791402887727704647, 
-1.9165740013122559, -0.6129047870635986, -0.8833154980657715, 1791402887758801715, 
-1.9094666242599487, -0.6211026310920715, -0.8567492862983871, 1791402887823904626, 
-1.9043248891830444, -0.6268237829208374, -0.838586895126572, 1791402887870890335, 
-1.8988913297653198, -0.6325332522392273, -0.8196358371449693, 1791402887918794802, 
-1.8932584524154663, -0.6382978558540344, -0.800348956966554, 1791402887967083119, 
-1.8876831531524658, -0.6438784003257751, -0.7811856506638969, 1791402888015214221, 
-1.8799391984939575, -0.6511051058769226, -0.7565791257668684, 1791402888079334309, 
-1.8757907152175903, -0.6550594568252563, -0.7440882576288246, 1791402888110928509, 
-1.867531180381775, -0.6622082591056824, -0.7195819091178315, 1791402888174884572, 
-1.8615740537643433, -0.6671901345252991, -0.7010343703511936, 1791402888223258515, 
-1.8553608655929565, -0.672243058681488, -0.6791013451486234, 1791402888270905531, 
-1.8489774465560913, -0.6772928237915039, -0.6594582444716404, 1791402888318807424, 
-1.8426975011825562, -0.6820231080055237, -0.6411611236341797, 1791402888366843063, 
-1.8336114883422852, -0.6884803771972656, -0.6153282795840443, 1791402888432143125, 
-1.829257845878601, -0.6914365291595459, -0.602826725591243, 1791402888463046787, 
-1.8204941749572754, -0.6970036029815674, -0.5775465992240958, 1791402888527028016, 
-1.8138525485992432, -0.7011224627494812, -0.5573913825387923, 1791402888575736431, 
-1.8067686557769775, -0.705424964427948, -0.5378933373924921, 1791402888622952305, 
-1.7995028495788574, -0.7095160484313965, -0.5188610297245695, 1791402888671858671, 
-1.7924244403839111, -0.713397741317749, -0.5005692017937877, 1791402888719866122, 
-1.78512442111969, -0.7171738743782043, -0.48176366505617596, 1791402888766849838, 
-1.7753565311431885, -0.7220655083656311, -0.4548877172559004, 1791402888832015107, 
-1.7705289125442505, -0.724271833896637, -0.4427940362226495, 1791402888863329461, 
-1.7606204748153687, -0.7287181615829468, -0.4171411080261062, 1791402888927578475, 
-1.7530779838562012, -0.7318329215049744, -0.39832266292022345, 1791402888975018909, 
-1.7454094886779785, -0.735119104385376, -0.3795736140888296, 1791402889022965014, 
-1.7375657558441162, -0.7379302382469177, -0.36040029671470175, 1791402889071889528, 
-1.730129361152649, -0.7406160235404968, -0.3405732199078918, 1791402889118956782, 
-1.7223719358444214, -0.7432879209518433, -0.3207579554317241, 1791402889166876827, 
-1.7143816947937012, -0.745745837688446, -0.30170444669278285, 1791402889215193680, 
-1.7064107656478882, -0.7480554580688477, -0.28219587904539123, 1791402889263128266, 
-1.695735216140747, -0.7508249878883362, -0.2558851969374527, 1791402889327109823, 
-1.687798261642456, -0.752799928188324, -0.23625233158969267, 1791402889374877919, 
-1.6798964738845825, -0.7546678781509399, -0.21604575213436816, 1791402889423017998, 
-1.6716272830963135, -0.7562533617019653, -0.1968796119086337, 1791402889470878748, 
-1.6629741191864014, -0.7577436566352844, -0.17596946526815962, 1791402889520986354, 
-1.6551953554153442, -0.759086012840271, -0.15800810897435427, 1791402889566964643, 
-1.6443287134170532, -0.7604302167892456, -0.13262318448067237, 1791402889631174983, 
-1.6391233205795288, -0.7610793113708496, -0.1192732764539753, 1791402889663617933, 
-1.6281272172927856, -0.7621346116065979, -0.09343840352096687, 1791402889726877373, 
-1.619920253753662, -0.7627208828926086, -0.07452147568832303, 1791402889775086150, 
-1.6117830276489258, -0.7631651759147644, -0.05616221215658493, 1791402889823385206, 
-1.603110671043396, -0.7635810375213623, -0.037654726192477055, 1791402889871606044, 
-1.5948588848114014, -0.7637097835540771, -0.017518152964795485, 1791402889920487369, 
-1.5867445468902588, -0.7636626958847046, 0.001823759535264722, 1791402889967496405, 
-1.5755640268325806, -0.76353520154953, 0.027727847615769494, 1791402890032389416, 
-1.567137598991394, -0.7631656527519226, 0.046498296182842326, 1791402890080104029, 
-1.5616731643676758, -0.7629001140594482, 0.05898599913622466, 1791402890111364980, 
-1.550628423690796, -0.7621462941169739, 0.08394660877074171, 1791402890175088289, 
-1.5422464609146118, -0.7614884376525879, 0.10356007400416124, 1791402890223035494, 
-1.5340261459350586, -0.7606088519096375, 0.1239736528625815, 1791402890271628622, 
-1.5257834196090698, -0.7594634890556335, 0.14352805868082755, 1791402890319018004, 
-1.5175418853759766, -0.7582401633262634, 0.162953413899825, 1791402890367661963, 
-1.5064504146575928, -0.7561692595481873, 0.18887253012630156, 1791402890430811114, 
-1.4981179237365723, -0.7545748949050903, 0.21016555844134338, 1791402890480156477, 
-1.490321159362793, -0.7526769638061523, 0.2284488096548613, 1791402890526909297, 
-1.482102632522583, -0.7504640817642212, 0.24794758742992073, 1791402890575123290, 
-1.473947525024414, -0.7482548356056213, 0.2668860858782777, 1791402890623292826, 
-1.4660699367523193, -0.7458704710006714, 0.28523927392753035, 1791402890670822213, 
-1.4579601287841797, -0.7431091070175171, 0.3039781755755314, 1791402890719697024, 
-1.4499576091766357, -0.7405107617378235, 0.324123140348984, 1791402890768123389, 
-1.4394327402114868, -0.7368699312210083, 0.3488169206117157, 1791402890831785333, 
-1.4341694116592407, -0.7348891496658325, 0.36099013162773064, 1791402890863437378, 
-1.4234122037887573, -0.7307273745536804, 0.38705305101474724, 1791402890928461028, 
-1.4161947965621948, -0.7277538180351257, 0.4049130633083494, 1791402890975944881, 
-1.4111815690994263, -0.725549578666687, 0.4168883372427753, 1791402891022801464, 
-1.4081672430038452, -0.7242905497550964, 0.42596675837599357, 1791402891071024862, 
-1.4066227674484253, -0.7235550284385681, 0.4314031048207736, 1791402891118978346, 
-1.4057743549346924, -0.7231238484382629, 0.4349955499705869, 1791402891168169302, 
-1.400840163230896, -0.7205328941345215, 0.44963732981402277, 1791402891232404394, 
-1.397114872932434, -0.7187468409538269, 0.4585504179984441, 1791402891263416747, 
-1.3875242471694946, -0.7134794592857361, 0.4813702765652218, 1791402891328222244, 
-1.380035638809204, -0.709224283695221, 0.4997359732966064, 1791402891375397200, 
-1.3719725608825684, -0.7044969797134399, 0.5191996992818578, 1791402891423697704, 
-1.3645203113555908, -0.7002586722373962, 0.5396742293004396, 1791402891471744139, 
-1.357248306274414, -0.6956256628036499, 0.5595522327912272, 1791402891520356518, 
-1.3502737283706665, -0.6911759972572327, 0.5789895742760385, 1791402891567823775, 
-1.3411033153533936, -0.685043215751648, 0.6045596347883947, 1791402891631015291, 
-1.3362256288528442, -0.6816111207008362, 0.6177783288396603, 1791402891662854343, 
-1.3268260955810547, -0.6747548580169678, 0.645346079307583, 1791402891728612942, 
-1.320075273513794, -0.6694605946540833, 0.6646318841994379, 1791402891777480235, 
-1.3137377500534058, -0.6643726825714111, 0.6818135284760052, 1791402891822969802, 
-1.3070625066757202, -0.6588701009750366, 0.7000813088349912, 1791402891870897064, 
-1.3006130456924438, -0.653295636177063, 0.7185074285213252, 1791402891919053622, 
-1.2940155267715454, -0.6474152207374573, 0.7383526452976826, 1791402891967860489, 
-1.2877930402755737, -0.6415325403213501, 0.757684358434054, 1791402892016352951, 
-1.2818527221679688, -0.635602593421936, 0.775737057555182, 1791402892062989098, 
-1.2737582921981812, -0.6273531913757324, 0.8008878428986076, 1791402892127418744, 
-1.2677462100982666, -0.6208117008209229, 0.8206880037577277, 1791402892176762634, 
-1.2619080543518066, -0.614498496055603, 0.8413490248332007, 1791402892222949136, 
-1.2562922239303589, -0.6081335544586182, 0.8612033213068087, 1791402892270849813, 
-1.250902533531189, -0.6015820503234863, 0.8806428638430651, 1791402892319991067, 
-1.2455075979232788, -0.5945711731910706, 0.8999733138761062, 1791402892366899246, 
-1.2401946783065796, -0.5876157283782959, 0.9185965978733222, 1791402892415301623, 
-1.235223650932312, -0.5807254314422607, 0.9377119534509881, 1791402892463633885, 
-1.2284741401672363, -0.5709884762763977, 0.9649323013982566, 1791402892527707868, 
-1.2236099243164062, -0.5636476278305054, 0.9841757102808673, 1791402892575032683, 
-1.2188209295272827, -0.5561515688896179, 1.002724707451773, 1791402892623274164, 
-1.2140430212020874, -0.548619270324707, 1.0222537848537452, 1791402892670865836, 
-1.2095731496810913, -0.5407040119171143, 1.0424500726571013, 1791402892720092882, 
-1.2055504322052002, -0.5335421562194824, 1.0609776450660247, 1791402892766867540, 
-1.2012697458267212, -0.5256717205047607, 1.0807300218165758, 1791402892814848562, 
-1.1959365606307983, -0.5151544809341431, 1.1064077902193785, 1791402892879576399, 
-1.1933847665786743, -0.5098807215690613, 1.1193337136622166, 1791402892912338992, 
-1.188461184501648, -0.49926114082336426, 1.1431992157381654, 1791402892974861765, 
-1.1850217580795288, -0.4912765920162201, 1.1636815546802928, 1791402893024136400, 
-1.1819928884506226, -0.4834156632423401, 1.1824106625354271, 1791402893071096062, 
-1.1789122819900513, -0.4748745858669281, 1.2009347038406661, 1791402893120076812, 
-1.1757628917694092, -0.4667385518550873, 1.2199305137070589, 1791402893166963364, 
-1.1729087829589844, -0.4584391713142395, 1.2390630154974804, 1791402893215303972, 
-1.1694000959396362, -0.44818970561027527, 1.2637026888837815, 1791402893279462942, 
-1.1675713062286377, -0.4426189959049225, 1.2762156242999552, 1791402893327199739, 
-1.166732668876648, -0.4399954080581665, 1.2823853819547493, 1791402893359695032, 
-1.1659287214279175, -0.43722525238990784, 1.2894879427201933, 1791402893424438830, 
-1.1658061742782593, -0.43722930550575256, 1.2914535567191001, 1791402893471922431, 
-1.1660010814666748, -0.437787264585495, 1.2899489592896352, 1791402893518997290, 
-1.166071891784668, -0.43802642822265625, 1.289147355443643, 1791402893566943912, 
-1.1660934686660767, -0.43795764446258545, 1.289147355443643, 1791402893615261202, 
-1.1660518646240234, -0.43788647651672363, 1.289147355443643, 1791402893663127686, 
-1.1660574674606323, -0.4379056692123413, 1.289147355443643, 1791402893727308072, 
-1.1660574674606323, -0.4379056692123413, 1.289147355443643, 1791402893774889286, 
-1.1660574674606323, -0.4379056692123413, 1.289147355443643, 1791402893823462089, 
-1.1660574674606323, -0.4379056692123413, 1.289147355443643, 1791402893872925658, 
-1.1660574674606323, -0.4379056692123413, 1.289147355443643, 1791402893918902192, 
-1.1658833026885986, -0.43778032064437866, 1.290752856257571, 1791402893966989445, 
-1.165181040763855, -0.43552151322364807, 1.2984362462173353, 1791402894015106625, 
-1.1640598773956299, -0.43097054958343506, 1.3084314164409825, 1791402894063552120, 
-1.1619420051574707, -0.4224739372730255, 1.3251371725248697, 1791402894126819818, 
-1.1601901054382324, -0.41451117396354675, 1.3416819727923803, 1791402894174883767, 
-1.1583325862884521, -0.4053103029727936, 1.361713078946647, 1791402894222856264, 
-1.1565502882003784, -0.39552682638168335, 1.3838243625860558, 1791402894271846669, 
-1.1550856828689575, -0.38636714220046997, 1.4045598435148678, 1791402894319082967, 
-1.1537622213363647, -0.3773317337036133, 1.4249156237441587, 1791402894367014850, 
-1.1524195671081543, -0.3655034303665161, 1.4484975106101032, 1791402894432059328, 
-1.151689052581787, -0.3597412407398224, 1.4607242785826478, 1791402894463097384, 
-1.1510663032531738, -0.35064375400543213, 1.4796105771849704, 1791402894511946979, 
-1.150146484375, -0.3388577401638031, 1.5047064170081441, 1791402894574899172, 
-1.149810791015625, -0.3296422064304352, 1.523652538625396, 1791402894623874837, 
-1.1496303081512451, -0.320639044046402, 1.5428690192852075, 1791402894671885285, 
-1.1498079299926758, -0.3118237257003784, 1.5614769689070043, 1791402894719888985, 
-1.149906873703003, -0.30282050371170044, 1.5811526556901878, 1791402894766898998, 
-1.150285243988037, -0.29060521721839905, 1.6075219099188578, 1791402894832240207, 
-1.1507288217544556, -0.28460216522216797, 1.620418436158463, 1791402894864046443, 
-1.1514005661010742, -0.2753366529941559, 1.6406194900681226, 1791402894912217639, 
-1.1526728868484497, -0.263708233833313, 1.6667733173341657, 1791402894974900131, 
-1.1538915634155273, -0.2548884153366089, 1.6859244976832608, 1791402895023354981, 
-1.1553912162780762, -0.24527855217456818, 1.7059350124080406, 1791402895071856014, 
-1.1569693088531494, -0.23624268174171448, 1.724759412093945, 1791402895120890465, 
-1.1587204933166504, -0.2276003062725067, 1.7429300582379073, 1791402895166985268, 
-1.16142737865448, -0.21526095271110535, 1.7698179366516507, 1791402895232520485, 
-1.162761926651001, -0.20956745743751526, 1.7818963519605808, 1791402895263629959, 
-1.1650420427322388, -0.20065879821777344, 1.800636453610124, 1791402895312748492, 
-1.1681851148605347, -0.18905523419380188, 1.8261604355050436, 1791402895375232004, 
-1.170894980430603, -0.1801762878894806, 1.8467024929068738, 1791402895424009766, 
-1.173799753189087, -0.17133429646492004, 1.8663645980301447, 1791402895472585686, 
-1.1768269538879395, -0.16272114217281342, 1.8853695625142954, 1791402895520484274, 
-1.1799274682998657, -0.15438814461231232, 1.903930790872477, 1791402895567397409, 
-1.184710144996643, -0.14321184158325195, 1.9294106239395088, 1791402895631901141, 
-1.1869349479675293, -0.1378685086965561, 1.942759823759999, 1791402895664036605, 
-1.1903725862503052, -0.12971754372119904, 1.9604998999615733, 1791402895726792857, 
-1.1914762258529663, -0.1270158290863037, 1.9667219535291594, 1791402895760016297, 
-1.1927540302276611, -0.1238349974155426, 1.9755914588668821, 1791402895822819751, 
-1.1930302381515503, -0.12345413863658905, 1.9781199498288353, 1791402895872440435, 
-1.1927858591079712, -0.12364310771226883, 1.9781199498288353, 1791402895919966248, 
-1.1928253173828125, -0.12362737208604813, 1.9781199498288353, 1791402895969210012, 
-1.1939831972122192, -0.12136643379926682, 1.983604451895718, 1791402896015090879, 
-1.1958155632019043, -0.1172068864107132, 1.9931394983575557, 1791402896063342575, 
-1.200048565864563, -0.10893534123897552, 2.0100455869544, 1791402896129028171, 
-1.2023460865020752, -0.10433954745531082, 2.0207566400694965, 1791402896159943547, 
-1.2080702781677246, -0.09361089020967484, 2.0463365565131872, 1791402896223590436, 
-1.2130252122879028, -0.08452702313661575, 2.066286336796766, 1791402896271921895, 
-1.2179476022720337, -0.07608146965503693, 2.086193654963204, 1791402896318842640, 
-1.222813606262207, -0.06809816509485245, 2.1060451876633604, 1791402896368320383, 
-1.2276209592819214, -0.0605815052986145, 2.124066233539665, 1791402896415721968, 
-1.2327537536621094, -0.05314776673913002, 2.1436544668548776, 1791402896462838273, 
-1.240187406539917, -0.04273514822125435, 2.1693788875553204, 1791402896528125332, 
-1.2438462972640991, -0.03771735727787018, 2.1820635454685138, 1791402896560053549, 
-1.2496575117111206, -0.03028971329331398, 2.2007983456279288, 1791402896607855722, 
-1.2571945190429688, -0.020839786157011986, 2.2276171537604648, 1791402896672449682, 
-1.263264536857605, -0.013490688987076283, 2.2473630585459383, 1791402896719962513, 
-1.269206166267395, -0.006431537214666605, 2.265915887829236, 1791402896767885885, 
-1.2756221294403076, 0.00034893816336989403, 2.283717065395388, 1791402896816084251, 
-1.2842082977294922, 0.00971262063831091, 2.3105490613211486, 1791402896880603472, 
-1.2906405925750732, 0.016302943229675293, 2.3294510146363403, 1791402896928263722, 
-1.2967091798782349, 0.022627776488661766, 2.34753632104247, 1791402896976627525, 
-1.3015716075897217, 0.027276480570435524, 2.361114645640685, 1791402897022968994, 
-1.3047351837158203, 0.030345255509018898, 2.3707886295223575, 1791402897071918567, 
-1.3065851926803589, 0.03224465250968933, 2.3766857560690577, 1791402897119879451, 
-1.307279109954834, 0.03283713385462761, 2.3791221325724856, 1791402897167946723, 
-1.3069785833358765, 0.032673683017492294, 2.3791221325724856, 1791402897217390164, 
-1.3066694736480713, 0.03243324160575867, 2.3784339850471654, 1791402897264142662, 
-1.3065979480743408, 0.03239225596189499, 2.3784339850471654, 1791402897328717476, 
-1.3065979480743408, 0.03239225596189499, 2.3784339850471654, 1791402897377031858, 
-1.3065979480743408, 0.03239225596189499, 2.3784339850471654, 1791402897422832426, 
-1.307118535041809, 0.0327201709151268, 2.380774413281567, 1791402897472097764, 
-1.3096085786819458, 0.03475677967071533, 2.388842827076164, 1791402897520638536, 
-1.3135161399841309, 0.03808740898966789, 2.398890755513262, 1791402897567971616, 
-1.3184754848480225, 0.04243994504213333, 2.411573653447198, 1791402897616337865, 
-1.3245571851730347, 0.04740721359848976, 2.4269030136335212, 1791402897663055149, 
-1.3320116996765137, 0.053744763135910034, 2.445331799463249, 1791402897711902871, 
-1.3402968645095825, 0.06026429310441017, 2.465433450001118, 1791402897760130430, 
-1.3512722253799438, 0.06849639117717743, 2.492555533043761, 1791402897824001571, 
-1.3589394092559814, 0.0738881379365921, 2.512311259937773, 1791402897871918626, 
-1.3662923574447632, 0.07884630560874939, 2.5299332625175333, 1791402897920040030, 
-1.3742284774780273, 0.08409435302019119, 2.546945098756377, 1791402897967185397, 
-1.38251793384552, 0.08937150239944458, 2.5659575972636004, 1791402898015887273, 
-1.393704891204834, 0.0960375964641571, 2.59320358762247, 1791402898079949674, 
-1.399296522140503, 0.09924805909395218, 2.6061000676204853, 1791402898112383227, 
-1.407966136932373, 0.10398553311824799, 2.6244324824387513, 1791402898159922035, 
-1.419467568397522, 0.11007151007652283, 2.650324397679501, 1791402898225366580, 
-1.427881121635437, 0.1141640767455101, 2.6694027958982347, 1791402898271934107, 
-1.4366817474365234, 0.11831215023994446, 2.688547621527592, 1791402898319986954, 
-1.4454600811004639, 0.12219063192605972, 2.7084548215603346, 1791402898367933431, 
-1.4545639753341675, 0.12598443031311035, 2.7276144149825536, 1791402898416433497, 
-1.466680884361267, 0.13074594736099243, 2.7534272838312592, 1791402898480623567, 
-1.4755020141601562, 0.13381606340408325, 2.7729587643421896, 1791402898527661020, 
-1.4817441701889038, 0.13597944378852844, 2.786522864064785, 1791402898560294397, 
-1.4941753149032593, 0.14024099707603455, 2.812868668533863, 1791402898623924070, 
-1.503621220588684, 0.14311766624450684, 2.8321800404200497, 1791402898672188436, 
-1.5125993490219116, 0.14579002559185028, 2.8508727527030437, 1791402898719934858, 
-1.5221872329711914, 0.1481996327638626, 2.869706210938986, 1791402898767989827, 
-1.5318396091461182, 0.1506211757659912, 2.8878395688199228, 1791402898816458453, 
-1.541379690170288, 0.15280525386333466, 2.9058053126845764, 1791402898864571214, 
-1.5543009042739868, 0.15556615591049194, 2.9319365223116245, 1791402898928476123, 
-1.5638751983642578, 0.15749773383140564, 2.951778888834366, 1791402898976329707, 
-1.5736732482910156, 0.1592005044221878, 2.9705483825916774, 1791402899023688367, 
-1.5838900804519653, 0.16086634993553162, 2.9907884332406027, 1791402899071930504, 
-1.593711018562317, 0.1622384637594223, 3.0100526767275055, 1791402899120131617, 
-1.603257417678833, 0.16324710845947266, 3.029665463077957, 1791402899168175183, 
-1.6129695177078247, 0.1640905737876892, 3.049049159802875, 1791402899215940840, 
-1.6229239702224731, 0.16487286984920502, 3.067353494287904, 1791402899264674027, 
-1.635920524597168, 0.16535022854804993, 3.092673307161995, 1791402899328113712, 
-1.6421902179718018, 0.1654704362154007, 3.1059505934817913, 1791402899360442786, 
-1.6521509885787964, 0.1657022386789322, 3.1263313320883728, 1791402899424198436, 
-1.6568676233291626, 0.16574086248874664, 3.136231900082847, 1791402899472915536, 
-1.6599433422088623, 0.16579598188400269, -3.1394913199512757, 1791402899519936717, 
-1.662541389465332, 0.16579927504062653, -3.1345462809928297, 1791402899568155172, 
-1.6677192449569702, 0.16558760404586792, -3.1232228297775535, 1791402899616549942, 
-1.677796721458435, 0.1652269959449768, -3.1041219287530266, 1791402899679889097, 
-1.6879318952560425, 0.1645841896533966, -3.086857550356069, 1791402899727805715, 
-1.6947526931762695, 0.16397370398044586, -3.0738585046775775, 1791402899760013257, 
-1.7082602977752686, 0.1628047525882721, -3.0479896049225697, 1791402899823162821, 
-1.7186033725738525, 0.16164091229438782, -3.0284874478118367, 1791402899873102181, 
-1.728263020515442, 0.16021688282489777, -3.010451320358329, 1791402899919937095, 
-1.7379543781280518, 0.15897639095783234, -2.990928875922872, 1791402899967938247, 
-1.747841715812683, 0.1571684181690216, -2.9714066953882674, 1791402900016286387, 
-1.75802743434906, 0.15521252155303955, -2.9512879891971884, 1791402900064178920, 
-1.7683351039886475, 0.15317301452159882, -2.9319066822895103, 1791402900112877327, 
-1.7781693935394287, 0.15080538392066956, -2.9132578498000887, 1791402900161946848, 
-1.7901437282562256, 0.1476137340068817, -2.886224280282431, 1791402900224354129, 
-1.8000537157058716, 0.14490967988967896, -2.8673589612478416, 1791402900271995955, 
-1.8098496198654175, 0.142181858420372, -2.8484284847747303, 1791402900321086398, 
-1.819270133972168, 0.13924403488636017, -2.829396242129442, 1791402900367955705, 
-1.8289092779159546, 0.13606373965740204, -2.809970933047714, 1791402900416144779, 
-1.838357925415039, 0.13268345594406128, -2.7906156298330074, 1791402900464409181, 
-1.8508738279342651, 0.12758395075798035, -2.7654082223034697, 1791402900527904624, 
-1.860163688659668, 0.12349585443735123, -2.7457051800973487, 1791402900576036727, 
-1.869361162185669, 0.1194220781326294, -2.725626249841946, 1791402900623968184, 
-1.878297209739685, 0.11521285027265549, -2.7063730309969505, 1791402900672072454, 
-1.8873497247695923, 0.11073250323534012, -2.6878979695429903, 1791402900720368325, 
-1.896288514137268, 0.10600291192531586, -2.66930010408784, 1791402900767958676, 
-1.9051241874694824, 0.10137596726417542, -2.6498354184762807, 1791402900816610652, 
-1.9140113592147827, 0.09619376808404922, -2.630266697146354, 1791402900864538798, 
-1.9256511926651, 0.08930937945842743, -2.6041177631940724, 1791402900927999504, 
-1.934407114982605, 0.08390214294195175, -2.5841241130562644, 1791402900976168316, 
-1.9431711435317993, 0.07849698513746262, -2.563597698461907, 1791402901024541989, 
-1.9516490697860718, 0.07286925613880157, -2.5442334515836316, 1791402901072400774, 
-1.9599038362503052, 0.06688143312931061, -2.5254566564444687, 1791402901119921291, 
-1.9682607650756836, 0.06083571910858154, -2.506329629374681, 1791402901168478629, 
-1.9764025211334229, 0.054789889603853226, -2.487023925459025, 1791402901216024035, 
-1.9845237731933594, 0.04836617782711983, -2.466395945180349, 1791402901263857059, 
-1.9951386451721191, 0.039599958807229996, -2.4399590863689147, 1791402901328377701, 
-2.002472400665283, 0.03291991353034973, -2.4215167342267034, 1791402901376604174, 
-2.0099871158599854, 0.02607434242963791, -2.401936095505284, 1791402901424394558, 
-2.017683744430542, 0.019053490832448006, -2.382429846850084, 1791402901472309017, 
-2.025041341781616, 0.011804072186350822, -2.363614101399919, 1791402901520211058, 
-2.03242564201355, 0.00410885363817215, -2.3442783791871165, 1791402901569338575, 
-2.0415334701538086, -0.005356391426175833, -2.318899286836057, 1791402901632451156, 
-2.048447608947754, -0.013381796889007092, -2.299741752845017, 1791402901680102533, 
-2.0528979301452637, -0.0183961633592844, -2.2870983768869158, 1791402901712467729, 
-2.061786413192749, -0.02919691801071167, -2.2610339736354166, 1791402901776495374, 
-2.0684027671813965, -0.03746650740504265, -2.24103393905315, 1791402901823932961, 
-2.074803352355957, -0.04569220170378685, -2.2212346695423593, 1791402901871963167, 
-2.08089280128479, -0.05411352217197418, -2.202509884874264, 1791402901920450223, 
-2.0868306159973145, -0.06265795230865479, -2.1830622589187203, 1791402901967960433, 
-2.09450626373291, -0.07379399240016937, -2.1563181609677473, 1791402902032265555, 
-2.0982677936553955, -0.07968192547559738, -2.143530639614813, 1791402902064157250, 
-2.105617046356201, -0.09188676625490189, -2.1179475246976893, 1791402902128935040, 
-2.109241008758545, -0.09798494726419449, -2.105660892862037, 1791402902160181440, 
-2.115893840789795, -0.11031078547239304, -2.080230738707778, 1791402902224238950, 
-2.120670795440674, -0.11925764381885529, -2.0606840967877, 1791402902272037225, 
-2.125638723373413, -0.12875746190547943, -2.04196206691821, 1791402902319871206, 
-2.1304872035980225, -0.13860194385051727, -2.022497712407892, 1791402902369042853, 
-2.1364877223968506, -0.15085840225219727, -1.9973631431819747, 1791402902432290779, 
-2.1392674446105957, -0.15726356208324432, -1.9842821498246301, 1791402902464179389, 
-2.1447012424468994, -0.17011186480522156, -1.9581729761778688, 1791402902528479392, 
-2.147188901901245, -0.17640960216522217, -1.9456815438285162, 1791402902560103452, 
-2.1518635749816895, -0.18973980844020844, -1.919671127139467, 1791402902623991666, 
-2.155390977859497, -0.19974520802497864, -1.8995725542008228, 1791402902671972134, 
-2.1585323810577393, -0.2097037434577942, -1.8807214215984374, 1791402902719967362, 
-2.1614837646484375, -0.21996942162513733, -1.861095967519634, 1791402902768111906, 
-2.164310932159424, -0.23037976026535034, -1.841271540448966, 1791402902817008450, 
-2.166660785675049, -0.24039749801158905, -1.822034567623065, 1791402902864458189, 
-2.169875144958496, -0.25414684414863586, -1.7961620187105038, 1791402902928225962, 
-2.17187237739563, -0.26432251930236816, -1.7782878248730751, 1791402902976576463, 
-2.173678159713745, -0.2745819687843323, -1.7592973395559108, 1791402903024705086, 
-2.175478458404541, -0.2852022647857666, -1.7389428911686469, 1791402903071980883, 
-2.17687726020813, -0.2956126928329468, -1.7199836372264192, 1791402903120131851, 
-2.17814564704895, -0.306239515542984, -1.7011504380941107, 1791402903168177639, 
-2.1792163848876953, -0.31677544116973877, -1.68153675263302, 1791402903216023150, 
-2.1799557209014893, -0.33079224824905396, -1.6556166528126215, 1791402903280042940, 
-2.1804254055023193, -0.3413736820220947, -1.6354448155742471, 1791402903328304079, 
-2.1807403564453125, -0.35187336802482605, -1.6164825610756277, 1791402903375922904, 
-2.1808316707611084, -0.3623720109462738, -1.5976003609975598, 1791402903424447148, 
-2.1809356212615967, -0.3730282187461853, -1.5778790824229965, 1791402903471968388, 
-2.1805994510650635, -0.38376420736312866, -1.5592063497112891, 1791402903520094733, 
-2.180223226547241, -0.3942873179912567, -1.5403962798620232, 1791402903568040697, 
-2.179525375366211, -0.40499526262283325, -1.5210230863598269, 1791402903616391281, 
-2.1786704063415527, -0.4160017669200897, -1.4992039945148048, 1791402903665036325, 
-2.1775739192962646, -0.42655208706855774, -1.4797449839634558, 1791402903712738674, 
-2.176361322402954, -0.43721553683280945, -1.4613593678805075, 1791402903759983991, 
-2.174321413040161, -0.4514850974082947, -1.4355847747001274, 1791402903825052691, 
-2.1726317405700684, -0.4620494544506073, -1.4170147165244793, 1791402903872000310, 
-2.170686721801758, -0.4724281430244446, -1.3985646742516724, 1791402903919972741, 
-2.1684937477111816, -0.4828011095523834, -1.3794042825004422, 1791402903968168579, 
-2.1660971641540527, -0.4933182895183563, -1.359604841338242, 1791402904016156651, 
-2.1625373363494873, -0.5072041153907776, -1.333161237622447, 1791402904080030165, 
-2.1597487926483154, -0.5178725719451904, -1.3139027717568947, 1791402904127915253, 
-2.1566872596740723, -0.5280046463012695, -1.295401787146869, 1791402904176163911, 
-2.1534740924835205, -0.5381242632865906, -1.2754866003856187, 1791402904224036058, 
-2.150203227996826, -0.5486857891082764, -1.2569165236015996, 1791402904272317695, 
-2.146562099456787, -0.5588269829750061, -1.2380526754780885, 1791402904320127981, 
-2.1426680088043213, -0.5690502524375916, -1.218204803402915, 1791402904367998089, 
-2.1387674808502197, -0.5792362093925476, -1.197439941861235, 1791402904416201781, 
-2.133019208908081, -0.5927843451499939, -1.1712639130234033, 1791402904480590152, 
-2.128556728363037, -0.6027033925056458, -1.1524796130128667, 1791402904528184039, 
-2.1239302158355713, -0.6120637655258179, -1.1334627598586702, 1791402904576465969, 
-2.118870735168457, -0.6216446757316589, -1.113177005064534, 1791402904623996360, 
-2.1137640476226807, -0.6315181851387024, -1.0948507579266333, 1791402904673208319, 
-2.1086554527282715, -0.6406885385513306, -1.0768935998017202, 1791402904719991575, 
-2.1031558513641357, -0.6497183442115784, -1.057802463375441, 1791402904768123339, 
-2.0978939533233643, -0.6587255597114563, -1.038145994695831, 1791402904816271437, 
-2.090339183807373, -0.6704109907150269, -1.0134326225164902, 1791402904880611220, 
-2.0860211849212646, -0.676853597164154, -0.9989470034108819, 1791402904927890918, 
-2.0830674171447754, -0.6812080144882202, -0.9887747864485315, 1791402904975824241, 
-2.0807671546936035, -0.684515118598938, -0.9807153605639096, 1791402905024071561, 
-2.07951021194458, -0.6862949132919312, -0.9759996325473219, 1791402905072046678, 
-2.0793490409851074, -0.6866037249565125, -0.9751198904157244, 1791402905120347275, 
-2.079519271850586, -0.6864410638809204, -0.9751198904160774, 1791402905168116701, 
-2.079625129699707, -0.6863917112350464, -0.9751198904160774, 1791402905221764969, 
-2.0795390605926514, -0.6863940358161926, -0.9751198904160774, 1791402905263849180, 
-2.0778920650482178, -0.6888108253479004, -0.9672114321972914, 1791402905313298929, 
-2.073892116546631, -0.6942187547683716, -0.9564239860705396, 1791402905376291463, 
-2.069565773010254, -0.6999074816703796, -0.9449484167673917, 1791402905424037441, 
-2.064338445663452, -0.7065919637680054, -0.931181742125155, 1791402905473130572, 
-2.0580437183380127, -0.7144470810890198, -0.9146370373475629, 1791402905519997925, 
-2.0508317947387695, -0.723494827747345, -0.8947752015556935, 1791402905568102645, 
-2.0430288314819336, -0.732856810092926, -0.8735371613146978, 1791402905616269282, 
-2.0352087020874023, -0.7418766617774963, -0.8531168487620762, 1791402905663891154, 
-2.0246846675872803, -0.7536472082138062, -0.8273449213974257, 1791402905728683625, 
-2.019197702407837, -0.7596020698547363, -0.814204606253762, 1791402905761319715, 
-2.0085535049438477, -0.7705740332603455, -0.7886929774617908, 1791402905824039887, 
-1.9998186826705933, -0.7791473269462585, -0.769518920755268, 1791402905873176475, 
-1.9911836385726929, -0.7871747016906738, -0.7505774169579021, 1791402905921296392, 
-1.9827768802642822, -0.7950726747512817, -0.7314604441723779, 1791402905968120767, 
-1.9737648963928223, -0.8028592467308044, -0.7125085363075588, 1791402906016669381, 
-1.964816927909851, -0.8105279803276062, -0.6935125734971426, 1791402906064377054, 
-1.9523223638534546, -0.8206092119216919, -0.6669832879738389, 1791402906127961755, 
-1.9427896738052368, -0.8279430270195007, -0.646329617104236, 1791402906175977963, 
-1.9333313703536987, -0.8350210189819336, -0.6276847573761335, 1791402906224523940, 
-1.9234569072723389, -0.8417350649833679, -0.6100292036976852, 1791402906272107721, 
-1.913527250289917, -0.8484845757484436, -0.5900727365715421, 1791402906320303475, 
-1.903780460357666, -0.8549503087997437, -0.5704555601777994, 1791402906368202748, 
-1.8937387466430664, -0.8612040281295776, -0.5509298855466117, 1791402906416154986, 
-1.880096435546875, -0.8693147897720337, -0.5253704753929171, 1791402906480549057, 
-1.8696925640106201, -0.8752184510231018, -0.5061592088160414, 1791402906528604096, 
-1.8590867519378662, -0.8810284733772278, -0.48683161881070675, 1791402906576450115, 
-1.848451018333435, -0.8866907358169556, -0.46847017483216025, 1791402906624282359, 
-1.8379077911376953, -0.89187091588974, -0.4489799282266799, 1791402906672592994, 
-1.8271435499191284, -0.897007167339325, -0.42961225850860996, 1791402906720150762, 
-1.8161834478378296, -0.9017744064331055, -0.41179857292859534, 1791402906768277004, 
-1.8050005435943604, -0.9064868688583374, -0.3925561094933153, 1791402906816251226, 
-1.7940047979354858, -0.9108844995498657, -0.3727591893637647, 1791402906864481173, 
-1.7787176370620728, -0.9166138768196106, -0.3456458151760929, 1791402906929110322, 
-1.7674834728240967, -0.9205756783485413, -0.3264313282230345, 1791402906976583624, 
-1.7560642957687378, -0.9241270422935486, -0.3075113187740532, 1791402907023804132, 
-1.7447125911712646, -0.9276476502418518, -0.2875812644390274, 1791402907072276921, 
-1.7330548763275146, -0.9310986399650574, -0.2684223257817102, 1791402907120752058, 
-1.7212082147598267, -0.9342816472053528, -0.2498539993980209, 1791402907169493337, 
-1.7060108184814453, -0.9379822015762329, -0.22452310212626664, 1791402907232266336, 
-1.6979892253875732, -0.9396877884864807, -0.21111409471324935, 1791402907263939181, 
-1.6818456649780273, -0.9428960680961609, -0.18488999544034723, 1791402907328928450, 
-1.6739715337753296, -0.9442614316940308, -0.1728557423533112, 1791402907360245174, 
-1.6582229137420654, -0.9467141628265381, -0.1464137551106276, 1791402907424392926, 
-1.646472454071045, -0.9483235478401184, -0.1260750464840194, 1791402907471875959, 
-1.6344038248062134, -0.9496691823005676, -0.10812336081153613, 1791402907520091266, 
-1.6222047805786133, -0.9508751630783081, -0.08919188838938875, 1791402907569390979, 
-1.6106001138687134, -0.9518522024154663, -0.0697104325730788, 1791402907616340445, 
-1.5940988063812256, -0.9527854323387146, -0.04293784462149831, 1791402907680868925, 
-1.5818467140197754, -0.9532959461212158, -0.024180203035464417, 1791402907729432914, 
-1.5736032724380493, -0.9533290863037109, -0.011208173612119196, 1791402907761185311, 
-1.5576457977294922, -0.9534515142440796, 0.015805643008790428, 1791402907824546303, 
-1.545642375946045, -0.953113853931427, 0.03461863197966711, 1791402907872166408, 
-1.533352017402649, -0.9525022506713867, 0.053621159413575974, 1791402907920412329, 
-1.5209541320800781, -0.9517289400100708, 0.07352061906849985, 1791402907969031088, 
-1.5089926719665527, -0.9506753087043762, 0.09209829908507193, 1791402908017649984, 
-1.4969178438186646, -0.9493885636329651, 0.1114273974316305, 1791402908064582970, 
-1.480579137802124, -0.9474198818206787, 0.1380884072147368, 1791402908129484327, 
-1.4727994203567505, -0.9463793039321899, 0.15089813873339553, 1791402908160607403, 
-1.4561878442764282, -0.943562388420105, 0.17652775170426685, 1791402908223879755, 
-1.4440566301345825, -0.9411786198616028, 0.1954019379729156, 1791402908272134122, 
-1.4321048259735107, -0.9387747645378113, 0.2148254005506443, 1791402908320135880, 
-1.4200748205184937, -0.9361323714256287, 0.23431278122520316, 1791402908368389655, 
-1.4080930948257446, -0.9331244230270386, 0.25318787231406453, 1791402908416228524, 
-1.3922522068023682, -0.9288809895515442, 0.27906764594186656, 1791402908480242973, 
-1.384240746498108, -0.9265283942222595, 0.2924643926348886, 1791402908512681952, 
-1.372376799583435, -0.9228014945983887, 0.31331802002710674, 1791402908560128411, 
-1.3566195964813232, -0.9174280762672424, 0.338752610312226, 1791402908624258905, 
-1.3458832502365112, -0.9134442806243896, 0.3587773286394889, 1791402908672162988, 
-1.3338581323623657, -0.9089908599853516, 0.37730492781232833, 1791402908720043944, 
-1.3212192058563232, -0.9037889838218689, 0.39531458729873653, 1791402908768195203, 
-1.3099313974380493, -0.8988268971443176, 0.4136792677114114, 1791402908816033066, 
-1.2994576692581177, -0.8942727446556091, 0.4337865731178517, 1791402908864135537, 
-1.2853453159332275, -0.8874152898788452, 0.45852629639700554, 1791402908928336286, 
-1.274551510810852, -0.8820222616195679, 0.4761513731803419, 1791402908976411653, 
-1.2660837173461914, -0.8774304986000061, 0.49131263879908427, 1791402909024940855, 
-1.2602144479751587, -0.8744255900382996, 0.5033560178120073, 1791402909072048307, 
-1.2556999921798706, -0.872040867805481, 0.5112679454074698, 1791402909121200386, 
-1.2529852390289307, -0.8706094622612, 0.5163271207355465, 1791402909168064990, 
-1.2519599199295044, -0.8699318766593933, 0.5183631628280227, 1791402909216412216, 
-1.2519192695617676, -0.869920015335083, 0.5189539057032424, 1791402909265202386, 
-1.2519577741622925, -0.8699533939361572, 0.5189539057032424, 1791402909328406363, 
-1.251936674118042, -0.869929850101471, 0.5189539057032424, 1791402909360138066, 
-1.251936674118042, -0.869929850101471, 0.5189539057032424, 1791402909424972562, 
-1.251936674118042, -0.869929850101471, 0.5189539057032424, 1791402909473043791, 
-1.251936674118042, -0.869929850101471, 0.5189539057032424, 1791402909520085316, 
-1.2518672943115234, -0.8699398040771484, 0.5194785555585227, 1791402909568057477, 
-1.2488816976547241, -0.8680970072746277, 0.5281124263425535, 1791402909631805404, 
-1.2441331148147583, -0.8654082417488098, 0.5369680770484532, 1791402909680638856, 
-1.237715721130371, -0.861361563205719, 0.5467302907965361, 1791402909727962207, 
-1.2332432270050049, -0.8584292531013489, 0.5554586998102904, 1791402909760123958, 
-1.2221871614456177, -0.8512850999832153, 0.5772183719935738, 1791402909824361726, 
-1.2123905420303345, -0.8445283770561218, 0.595804510781215, 1791402909872066431, 
-1.2018481492996216, -0.8371757864952087, 0.6168759433894061, 1791402909920271436, 
-1.1916922330856323, -0.829871654510498, 0.6389424597327755, 1791402909968062148, 
-1.1822832822799683, -0.8227708339691162, 0.6598259039693054, 1791402910016124462, 
-1.1710808277130127, -0.8135573863983154, 0.6818052181377054, 1791402910080289517, 
-1.1646002531051636, -0.8080713748931885, 0.6950880657681481, 1791402910128563036, 
-1.161088228225708, -0.8051522374153137, 0.7025613879954588, 1791402910159873314, 
-1.1562223434448242, -0.8008330464363098, 0.7140622616747788, 1791402910223955176, 
-1.1538501977920532, -0.7987874746322632, 0.7194041724714119, 1791402910273166907, 
-1.1529338359832764, -0.7980946898460388, 0.7218989188859735, 1791402910320094569, 
-1.153183102607727, -0.7982200384140015, 0.7218989188859735, 1791402910368100834, 
-1.1533823013305664, -0.7984479069709778, 0.7218989188859735, 1791402910416236819, 
-1.1534104347229004, -0.798445999622345, 0.7218989188859735, 1791402910464295278, 
-1.1532938480377197, -0.7983969449996948, 0.7218989188859735, 1791402910512794558, 
-1.1532909870147705, -0.7983546257019043, 0.7218989188859735, 1791402910576470085, 
-1.1532909870147705, -0.7983546257019043, 0.7218989188859735, 1791402910624261586, 
-1.1532909870147705, -0.7983546257019043, 0.7218989188859735, 1791402910673215266, 
-1.1532909870147705, -0.7983546257019043, 0.7218989188859735, 1791402910720327657, 
-1.1532909870147705, -0.7983546257019043, 0.7218989188859735, 1791402910768125850, 
-1.1532909870147705, -0.7983546257019043, 0.7218989188859735, 1791402910816662545, 
-1.1531867980957031, -0.7983552813529968, 0.7226826083919125, 1791402910863948924, 
-1.1502525806427002, -0.7953613996505737, 0.7296339418537159, 1791402910927805090, 
-1.146325707435608, -0.7915918827056885, 0.7378368913225573, 1791402910976296870, 
-1.1427710056304932, -0.7884292602539062, 0.7447443450942222, 1791402911008392162, 
-1.1347960233688354, -0.7806687951087952, 0.7614549421403859, 1791402911072135136, 
-1.1271731853485107, -0.7732618451118469, 0.7776229047995393, 1791402911122077035, 
-1.1190052032470703, -0.7647733092308044, 0.7960904651946029, 1791402911168081720, 
-1.1101421117782593, -0.7555038928985596, 0.8160206992195479, 1791402911216152333, 
-1.1012076139450073, -0.7456963658332825, 0.8354031497100879, 1791402911264391806, 
-1.0897239446640015, -0.7327851057052612, 0.8619635210777707, 1791402911328675028, 
-1.0842535495758057, -0.7264002561569214, 0.8748846677652649, 1791402911361223573, 
-1.0760085582733154, -0.7164031267166138, 0.8935814810939449, 1791402911424557772, 
-1.0713659524917603, -0.7106200456619263, 0.9049762078974202, 1791402911473181764, 
-1.068197250366211, -0.7066055536270142, 0.9139241532124867, 1791402911521226307, 
-1.066049575805664, -0.7037337422370911, 0.9197687604569733, 1791402911568128452, 
-1.0649161338806152, -0.7024315595626831, 0.9231508013633485, 1791402911616460571, 
-1.0642788410186768, -0.7015576958656311, 0.9258227956646184, 1791402911664651893, 
-1.0616405010223389, -0.6976449489593506, 0.9334845344003658, 1791402911713454994, 
-1.0561703443527222, -0.6901615262031555, 0.9472387370732346, 1791402911776274872, 
-1.0508414506912231, -0.682686448097229, 0.9596053977948634, 1791402911824005972, 
-1.0445175170898438, -0.6733443737030029, 0.9744045965896493, 1791402911872088484, 
-1.0374090671539307, -0.6627433896064758, 0.9943148246505691, 1791402911920869947, 
-1.030165672302246, -0.651317298412323, 1.0135927435444245, 1791402911968737230, 
-1.0231757164001465, -0.6399487257003784, 1.032726704171507, 1791402912016381068, 
-1.0167146921157837, -0.6287463307380676, 1.0509935202953522, 1791402912064356437, 
-1.00832200050354, -0.6136305332183838, 1.0761963323423684, 1791402912127870809, 
-1.0022138357162476, -0.602059543132782, 1.095429836750329, 1791402912176575272, 
-0.9965135455131531, -0.5905430912971497, 1.1153129411801705, 1791402912224386946, 
-0.9906832575798035, -0.5785588026046753, 1.1366586734328454, 1791402912273147337, 
-0.9851811528205872, -0.566448986530304, 1.1558619024418164, 1791402912321319488, 
-0.9801690578460693, -0.5546538233757019, 1.1744209475945364, 1791402912369246499, 
-0.9753578901290894, -0.5429478883743286, 1.1936818286486781, 1791402912416500962, 
-0.9690825939178467, -0.5264891982078552, 1.219168825675231, 1791402912480886505, 
-0.9646989107131958, -0.5141450762748718, 1.2392749784030181, 1791402912529180601, 
-0.961982250213623, -0.5060455799102783, 1.2521346597290037, 1791402912561425989, 
-0.9578458070755005, -0.4932088255882263, 1.271519588014005, 1791402912624498316, 
-0.9556407928466797, -0.4862211048603058, 1.2830417268605865, 1791402912672630043, 
-0.9538866877555847, -0.4806012213230133, 1.2924731330849457, 1791402912721768100, 
-0.9525134563446045, -0.47542956471443176, 1.3008001427238827, 1791402912770361719, 
-0.9497151374816895, -0.4645349979400635, 1.319252560520051, 1791402912832474393, 
-0.9479222893714905, -0.45735666155815125, 1.3299894488206718, 1791402912864476949, 
-0.9438454508781433, -0.4401732385158539, 1.3525545576722862, 1791402912929734281, 
-0.9417713284492493, -0.4307887554168701, 1.3651598038543034, 1791402912960256716, 
-0.9381160736083984, -0.4126795530319214, 1.392822790569734, 1791402913024212158, 
-0.9360542297363281, -0.3998912274837494, 1.4137717113463464, 1791402913072952697, 
-0.9340397119522095, -0.38704779744148254, 1.4329605068474933, 1791402913121525065, 
-0.9323921203613281, -0.37422579526901245, 1.4523407055489468, 1791402913168814803, 
-0.9304665327072144, -0.3568771779537201, 1.4788562521009605, 1791402913232740678, 
-0.9296557307243347, -0.3479692339897156, 1.4915100639589183, 1791402913264374063, 
-0.9287692308425903, -0.33469074964523315, 1.5090525520069344, 1791402913311992317, 
-0.9277416467666626, -0.3169114589691162, 1.5375792383106002, 1791402913378683822, 
-0.9274418354034424, -0.30423030257225037, 1.5560121286898976, 1791402913423968305, 
-0.9272444248199463, -0.290870726108551, 1.5755538323140226, 1791402913473081540, 
-0.927327036857605, -0.2779078781604767, 1.5941957659321917, 1791402913520445967, 
-0.9276712536811829, -0.2644135653972626, 1.6130150299242625, 1791402913568145897, 
-0.9283609986305237, -0.25100478529930115, 1.6314765862616987, 1791402913617292156, 
-0.9295530319213867, -0.23341725766658783, 1.657543716798268, 1791402913681481487, 
-0.9302768111228943, -0.2243042290210724, 1.670616224168656, 1791402913713442315, 
-0.9317895770072937, -0.21116219460964203, 1.6894314623495725, 1791402913760889671, 
-0.9340341091156006, -0.19353680312633514, 1.7162134068586488, 1791402913824072218, 
-0.936046838760376, -0.18033185601234436, 1.7366401827448932, 1791402913872138906, 
-0.9382480978965759, -0.16688108444213867, 1.7563863866550737, 1791402913921211394, 
-0.9409594535827637, -0.15391473472118378, 1.775752788925324, 1791402913968241908, 
-0.9435827732086182, -0.14076627790927887, 1.7958156626012682, 1791402914016194731, 
-0.94664466381073, -0.12769757211208344, 1.81399158777437, 1791402914064224809, 
-0.9501349329948425, -0.11443716287612915, 1.8329686280653479, 1791402914113749902, 
-0.9535925984382629, -0.10165863484144211, 1.852019118206445, 1791402914161505497, 
-0.9584578275680542, -0.08514253795146942, 1.8781092546571918, 1791402914224536439, 
-0.9625425338745117, -0.07263505458831787, 1.896675162355537, 1791402914272173394, 
-0.9658762812614441, -0.06298506259918213, 1.91146393309136, 1791402914320152346, 
-0.9685324430465698, -0.055389098823070526, 1.924016112436134, 1791402914369173271, 
-0.970710039138794, -0.049578238278627396, 1.9335559702189975, 1791402914416179548, 
-0.9726584553718567, -0.044197164475917816, 1.9416694920622204, 1791402914465882093, 
-0.9771910905838013, -0.03350992873311043, 1.9599983744691385, 1791402914529531073, 
-0.9801537394523621, -0.026504581794142723, 1.9708215788710854, 1791402914561491797, 
-0.9868621826171875, -0.010443269275128841, 1.9948046429444342, 1791402914625276256, 
-0.993022084236145, 0.003122820518910885, 2.013632451305856, 1791402914672280578, 
-0.9992192387580872, 0.01610434427857399, 2.0336815718019214, 1791402914720164882, 
-1.0051735639572144, 0.027962390333414078, 2.055510669022858, 1791402914769354779, 
-1.0113260746002197, 0.03953421488404274, 2.0751066277499444, 1791402914817412918, 
-1.0178372859954834, 0.05107235908508301, 2.0925406462533465, 1791402914865579059, 
-1.0267893075942993, 0.06614749878644943, 2.117864878986601, 1791402914928443058, 
-1.0333315134048462, 0.07714725285768509, 2.1364268697484565, 1791402914976130792, 
-1.0391546487808228, 0.08610576391220093, 2.151271467481973, 1791402915025359456, 
-1.0433945655822754, 0.09250767529010773, 2.1636198087926366, 1791402915072128680, 
-1.046744704246521, 0.0975508913397789, 2.173491243405214, 1791402915121183260, 
-1.049725890159607, 0.10174022614955902, 2.180789038007496, 1791402915168117686, 
-1.0546671152114868, 0.10842499881982803, 2.1935046499009605, 1791402915216394679, 
-1.0635852813720703, 0.12045999616384506, 2.214542541695389, 1791402915281281034, 
-1.0714753866195679, 0.13082867860794067, 2.2318698655822047, 1791402915327901341, 
-1.07754385471344, 0.13871528208255768, 2.2445867312802172, 1791402915360308727, 
-1.0896193981170654, 0.15385973453521729, 2.270913164326829, 1791402915425619619, 
-1.0991753339767456, 0.164719820022583, 2.2896911489082385, 1791402915474274832, 
-1.1075501441955566, 0.1745273619890213, 2.3090396723650186, 1791402915521192228, 
-1.1166422367095947, 0.18428705632686615, 2.3289107593703404, 1791402915569246342, 
-1.1258286237716675, 0.1937822699546814, 2.3492706864124853, 1791402915616338909, 
-1.1382038593292236, 0.20624953508377075, 2.374535301670697, 1791402915680539716, 
-1.1435033082962036, 0.2113620936870575, 2.3841692075496286, 1791402915713409248, 
-1.1527665853500366, 0.22016474604606628, 2.401947066395263, 1791402915775880664, 
-1.1620957851409912, 0.22846545279026031, 2.420054103018734, 1791402915824494436, 
-1.1735761165618896, 0.23820188641548157, 2.440776858867618, 1791402915875092834, 
-1.184548258781433, 0.2474316656589508, 2.4592449359818658, 1791402915921129553, 
-1.1954115629196167, 0.255813330411911, 2.4785305222056437, 1791402915968166453, 
-1.2062232494354248, 0.26453205943107605, 2.499744497397602, 1791402916017242967, 
-1.2168604135513306, 0.27219513058662415, 2.519271454751082, 1791402916064039234, 
-1.2315772771835327, 0.282443642616272, 2.5464691884040254, 1791402916128407779, 
-1.2432113885879517, 0.2902873754501343, 2.566943032562717, 1791402916175795147, 
-1.254834771156311, 0.29780593514442444, 2.5856937909587168, 1791402916224146303, 
-1.2670410871505737, 0.305339515209198, 2.6050478593304525, 1791402916274181627, 
-1.2788931131362915, 0.31224969029426575, 2.6251528605344165, 1791402916321184794, 
-1.2912272214889526, 0.3191449046134949, 2.6448168128247236, 1791402916369219300, 
-1.3034536838531494, 0.3256671130657196, 2.6635151142064193, 1791402916417446801, 
-1.3152849674224854, 0.33171534538269043, 2.6826555015454234, 1791402916464963457, 
-1.3319075107574463, 0.3396572172641754, 2.7083334316095775, 1791402916528750146, 
-1.3441965579986572, 0.3453148603439331, 2.726350252721324, 1791402916576118257, 
-1.3569382429122925, 0.3506752848625183, 2.7463701605002484, 1791402916624781953, 
-1.3703256845474243, 0.35626521706581116, 2.7667841554681463, 1791402916673235497, 
-1.3835158348083496, 0.36132189631462097, 2.785588039168944, 1791402916722135414, 
-1.396083950996399, 0.36597952246665955, 2.805618068616859, 1791402916769149113, 
-1.4086568355560303, 0.37042152881622314, 2.8244967109633845, 1791402916817123891, 
-1.4207090139389038, 0.3743285834789276, 2.841477667254242, 1791402916864977273, 
-1.4378790855407715, 0.3792774975299835, 2.8665523207599892, 1791402916929124367, 
-1.451454758644104, 0.3830992877483368, 2.8860046267383965, 1791402916977747361, 
-1.4651386737823486, 0.38666215538978577, 2.904263673534212, 1791402917025297354, 
-1.4785748720169067, 0.38975098729133606, 2.923175757737365, 1791402917073182780, 
-1.4922257661819458, 0.3927362263202667, 2.9440145360957963, 1791402917121183547, 
-1.5057713985443115, 0.39544808864593506, 2.9624409517542434, 1791402917168221918, 
-1.519543170928955, 0.3978250324726105, 2.980883334528631, 1791402917217323072, 
-1.537826657295227, 0.4007054567337036, 3.0058431756986126, 1791402917281140080, 
-1.5473828315734863, 0.4019075930118561, 3.0190329410306322, 1791402917313044040, 
-1.5659239292144775, 0.4040285646915436, 3.045413243651606, 1791402917377514286, 
-1.5795351266860962, 0.40513503551483154, 3.064659594082621, 1791402917424476934, 
-1.594185471534729, 0.406205952167511, 3.0847632973403485, 1791402917473290610, 
-1.607879638671875, 0.40680214762687683, 3.103456019582092, 1791402917520434085, 
-1.6218206882476807, 0.40738391876220703, 3.123475791433424, 1791402917568166782, 
-1.6357980966567993, 0.40762680768966675, -3.1407589912820013, 1791402917616164138, 
-1.6547788381576538, 0.40748125314712524, -3.1152019484872446, 1791402917681018734, 
-1.6637741327285767, 0.407287061214447, -3.1024105521045344, 1791402917713506503, 
-1.678171157836914, 0.40656501054763794, -3.083750013127848, 1791402917761102162, 
-1.6970062255859375, 0.4051927328109741, -3.0581357389381747, 1791402917825107291, 
-1.711124062538147, 0.40400010347366333, -3.037708054540263, 1791402917873746669, 
-1.7255853414535522, 0.40250205993652344, -3.0181860945448626, 1791402917921728907, 
-1.7394940853118896, 0.400424987077713, -2.999561530537623, 1791402917969722540, 
-1.753491997718811, 0.39869606494903564, -2.9801547503896897, 1791402918017377081, 
